date,close
20010109,-1.871
20010110,-1.315
20010111,-1.739
20010112,1.105
20010115,1.180
20010116,0.577
20010117,0.610
20010118,1.498
20010119,0.827
20010122,0.309
20010123,-0.341
20010124,-0.653
20010125,-0.651
20010126,-0.781
20010129,1.084
20010130,-0.135
20010131,0.122
20010201,-0.463
20010202,-0.552
20010205,-2.349
20010206,-0.868
20010207,0.722
20010208,-1.719
20010209,2.143
20010213,-1.110
20010214,0.070
20010215,0.326
20010216,-1.146
20010219,-0.425
20010220,0.977
20010221,-1.126
20010222,-0.204
20010223,1.312
20010226,-0.339
20010227,-1.076
20010228,-1.359
20010301,-1.579
20010302,-3.367
20010305,0.491
20010306,2.924
20010307,0.285
20010308,-0.578
20010309,-0.179
20010312,-3.682
20010313,-2.932
20010314,0.202
20010315,2.578
20010316,0.657
20010319,-0.344
20010321,7.222
20010322,-1.926
20010323,2.767
20010326,4.786
20010327,-1.629
20010328,0.928
20010329,-5.167
20010330,-0.557
20010402,-0.477
20010403,1.432
20010404,0.897
20010405,1.041
20010406,0.018
20010409,-4.134
20010410,-1.740
20010411,4.301
20010412,1.338
20010413,0.249
20010416,-0.982
20010417,-1.427
20010418,4.304
20010419,1.647
20010420,-0.743
20010423,-0.364
20010424,0.201
20010425,0.612
20010426,1.047
20010427,-0.277
20010501,3.464
20010502,-0.026
20010507,0.745
20010508,-1.668
20010509,-1.439
20010510,-0.477
20010511,0.186
20010514,-1.224
20010515,1.296
20010516,-2.593
20010517,1.568
20010518,-0.237
20010521,2.132
20010522,-0.606
20010523,-0.167
20010524,-1.230
20010525,-0.939
20010528,-0.205
20010529,0.263
20010530,-2.058
20010531,-1.728
20010601,-0.002
20010604,0.380
20010605,-0.984
20010606,-0.054
20010607,0.776
20010608,1.144
20010611,-1.529
20010612,-2.965
20010613,-0.130
20010614,0.181
20010615,-0.439
20010618,-0.727
20010619,-0.978
20010620,0.795
20010621,2.245
20010622,0.632
20010625,-1.142
20010626,0.637
20010627,-1.161
20010628,-1.169
20010629,2.255
20010702,-1.694
20010703,0.518
20010704,-1.481
20010705,-0.172
20010706,-2.418
20010709,-0.541
20010710,0.495
20010711,-2.430
20010712,3.301
20010713,-0.426
20010716,-0.095
20010717,-1.756
20010718,-1.965
20010719,0.133
20010723,-2.541
20010724,2.329
20010725,0.070
20010726,-0.278
20010727,-0.511
20010730,-1.872
20010731,2.402
20010801,0.828
20010802,3.612
20010803,-1.276
20010806,0.016
20010807,0.615
20010808,-1.273
20010809,-3.421
20010810,-0.166
20010813,-2.219
20010814,3.765
20010815,-1.373
20010816,-2.066
20010817,-0.605
20010820,-1.653
20010821,0.199
20010822,1.024
20010823,-2.393
20010824,0.353
20010827,0.969
20010828,-0.762
20010829,-1.891
20010830,-0.377
20010831,-2.078
20010903,-2.877
20010904,3.427
20010905,-1.627
20010906,0.485
20010907,-1.262
20010910,-3.101
20010911,0.949
20010912,-6.864
20010913,0.031
20010914,4.035
20010917,-5.172
20010918,1.829
20010919,2.648
20010920,-1.566
20010921,-2.380
20010925,1.444
20010926,-0.541
20010927,0.567
20010928,0.803
20011001,2.001
20011002,1.634
20011003,-2.117
20011004,2.795
20011005,0.004
20011009,-1.920
20011010,-0.469
20011011,3.763
20011012,2.720
20011015,-1.706
20011016,1.757
20011017,1.100
20011018,-2.644
20011019,0.609
20011023,3.017
20011024,-0.548
20011025,0.719
20011026,-0.784
20011029,-1.708
20011030,-0.942
20011031,-1.403
20011101,-0.184
20011102,0.352
20011105,0.612
20011106,1.766
20011107,-3.335
20011108,1.417
20011109,-2.093
20011112,-1.322
20011113,-0.507
20011114,0.559
20011115,3.919
20011116,1.506
20011119,0.738
20011120,-1.430
20011121,0.805
20011122,0.335
20011126,3.378
20011127,-1.049
20011128,-3.005
20011129,0.293
20011130,0.389
20011203,-3.103
20011204,0.788
20011205,2.468
20011206,1.330
20011207,-0.558
20011210,-2.114
20011211,-0.923
20011212,3.080
20011213,-3.467
20011214,0.747
20011217,-1.808
20011218,1.049
20011219,0.380
20011220,-0.358
20011221,-0.954
20011225,-0.783
20011226,-0.609
20011227,2.567
20011228,0.810
20020104,3.072
20020107,0.650
20020108,-2.281
20020109,-0.296
20020110,-1.184
20020111,-0.923
20020115,-2.262
20020116,-0.299
20020117,-0.487
20020118,1.617
20020121,-0.127
20020122,-2.255
20020123,-0.100
20020124,0.330
20020125,0.693
20020128,0.753
20020129,-1.925
20020130,-1.068
20020131,0.786
20020201,-2.086
20020204,-1.642
20020205,-1.636
20020206,-0.579
20020207,1.709
20020208,1.067
20020212,1.962
20020213,0.911
20020214,1.125
20020215,-0.328
20020218,0.448
20020219,-2.468
20020220,-0.132
20020221,4.584
20020222,0.594
20020225,-0.584
20020226,-0.916
20020227,3.567
20020228,0.139
20020301,2.095
20020304,5.735
20020305,-0.893
20020306,0.089
20020307,2.519
20020308,2.018
20020311,0.282
20020312,-2.652
20020313,-1.668
20020314,1.336
20020315,0.682
20020318,-1.293
20020319,2.528
20020320,-2.282
20020322,-1.589
20020325,-0.743
20020326,-0.473
20020327,1.028
20020328,0.083
20020329,-2.757
20020401,0.034
20020402,1.581
20020403,1.736
20020404,-0.189
20020405,-0.385
20020408,0.153
20020409,-2.122
20020410,0.932
20020411,-0.638
20020412,-1.667
20020415,1.578
20020416,1.862
20020417,1.722
20020418,0.277
20020419,-0.552
20020422,1.805
20020423,0.130
20020424,-0.546
20020425,-0.207
20020426,-0.926
20020430,-0.424
20020501,0.523
20020502,-0.015
20020507,-2.055
20020508,1.793
20020509,0.972
20020510,-0.882
20020513,-1.698
20020514,0.170
20020515,2.494
20020516,0.819
20020517,0.921
20020520,0.078
20020521,-0.468
20020522,1.354
20020523,0.149
20020524,-0.030
20020527,0.001
20020528,-0.337
20020529,-0.698
20020530,-0.702
20020531,-0.054
20020603,1.164
20020604,-2.109
20020605,0.093
20020606,-0.765
20020607,-1.185
20020610,-0.599
20020611,0.694
20020612,-1.075
20020613,-1.622
20020614,-2.032
20020617,-2.377
20020618,1.635
20020619,-3.413
20020620,1.297
20020621,-2.467
20020624,1.123
20020625,0.242
20020626,-4.104
20020627,1.840
20020628,3.450
20020701,-0.249
20020702,0.253
20020703,1.773
20020704,-1.674
20020705,1.801
20020708,-0.527
20020709,1.758
20020710,-1.912
20020711,-2.514
20020712,1.097
20020715,-2.158
20020716,-1.209
20020717,0.444
20020718,1.945
20020719,-2.859
20020722,-0.131
20020723,0.261
20020724,-2.658
20020725,-0.179
20020726,-3.472
20020729,0.786
20020730,3.427
20020731,-1.265
20020801,-0.858
20020802,-0.860
20020805,-0.049
20020806,-2.123
20020807,3.449
20020808,-0.355
20020809,2.023
20020812,-2.552
20020813,-0.609
20020814,-0.519
20020815,1.617
20020816,-0.076
20020819,-1.950
20020820,0.225
20020821,0.228
20020822,1.762
20020823,0.543
20020826,2.009
20020827,-1.606
20020828,-1.429
20020829,-1.512
20020830,-0.009
20020902,-1.021
20020903,-3.251
20020904,-1.552
20020905,1.607
20020906,-1.014
20020909,1.922
20020910,0.033
20020911,0.970
20020912,0.161
20020913,-1.858
20020917,3.216
20020918,-0.756
20020919,2.064
20020920,-1.969
20020924,-1.696
20020925,-1.690
20020926,1.682
20020927,2.223
20020930,-1.556
20021001,-2.384
20021002,-1.240
20021003,-1.255
20021004,1.014
20021007,-3.834
20021008,0.240
20021009,-1.966
20021010,-1.175
20021011,1.061
20021015,3.537
20021016,0.543
20021017,0.841
20021018,1.399
20021021,-1.193
20021022,-3.272
20021023,0.289
20021024,-1.157
20021025,1.292
20021028,0.357
20021029,-0.558
20021030,0.548
20021031,-1.335
20021101,0.522
20021105,2.858
20021106,0.176
20021107,-0.368
20021108,-2.608
20021111,-2.687
20021112,0.052
20021113,-0.311
20021114,-1.614
20021115,2.382
20021118,-1.870
20021119,0.230
20021120,1.122
20021121,2.434
20021122,1.198
20021125,1.940
20021126,-1.356
20021127,0.586
20021128,3.334
20021129,0.422
20021202,-0.447
20021203,0.333
20021204,-2.179
20021205,-0.995
20021206,-0.611
20021209,-0.398
20021210,-0.267
20021211,-0.877
20021212,-0.218
20021213,-2.237
20021216,-0.768
20021217,0.705
20021218,-1.978
20021219,0.521
20021220,0.230
20021224,1.247
20021225,-0.132
20021226,2.313
20021227,0.160
20021230,-1.563
20030106,1.554
20030107,-0.654
20030108,-1.615
20030109,-0.234
20030110,-0.324
20030114,0.971
20030115,0.684
20030116,-0.030
20030117,0.937
20030120,-1.524
20030121,1.735
20030122,-1.126
20030123,2.067
20030124,-0.677
20030127,-1.409
20030128,-0.981
20030129,-2.306
20030130,-0.171
20030131,0.278
20030203,1.910
20030204,-0.187
20030205,0.763
20030206,-0.771
20030207,-0.426
20030210,0.434
20030212,2.090
20030213,-0.747
20030214,1.182
20030217,0.801
20030218,-0.904
20030219,-0.167
20030220,-0.318
20030221,-1.601
20030224,0.602
20030225,-2.416
20030226,-0.044
20030227,0.031
20030228,0.044
20030303,1.511
20030304,-0.120
20030305,-0.090
20030306,-1.229
20030307,-2.726
20030310,-1.259
20030311,-2.261
20030312,1.020
20030313,-0.942
20030314,1.690
20030317,-1.651
20030318,1.047
20030319,1.207
20030320,1.773
20030324,2.887
20030325,-2.355
20030326,1.364
20030327,0.200
20030328,-1.063
20030331,-3.784
20030401,0.176
20030402,1.035
20030403,-0.648
20030404,0.701
20030407,2.155
20030408,-1.448
20030409,-0.912
20030410,-0.966
20030411,-2.072
20030414,-0.827
20030415,1.113
20030416,0.517
20030417,-0.734
20030418,0.670
20030421,1.194
20030422,-2.267
20030423,0.037
20030424,0.782
20030425,-1.994
20030428,-1.197
20030430,2.896
20030501,0.406
20030502,0.557
20030506,2.206
20030507,0.324
20030508,-0.969
20030509,1.491
20030512,0.842
20030513,-0.376
20030514,0.665
20030515,-1.485
20030516,-0.075
20030519,-0.968
20030520,0.253
20030521,-0.510
20030522,0.413
20030523,1.640
20030526,0.519
20030527,-1.310
20030528,1.393
20030529,1.700
20030530,0.585
20030602,1.445
20030603,0.202
20030604,-0.077
20030605,1.154
20030606,1.475
20030609,0.419
20030610,-0.382
20030611,1.145
20030612,0.318
20030613,0.693
20030616,-1.580
20030617,2.162
20030618,0.662
20030619,0.193
20030620,0.108
20030623,0.183
20030624,-2.413
20030625,0.146
20030626,-0.099
20030627,2.004
20030630,-0.230
20030701,2.128
20030702,3.326
20030703,0.339
20030704,-0.804
20030707,2.558
20030708,1.052
20030709,0.927
20030710,-0.354
20030711,-3.270
20030714,1.241
20030715,-0.047
20030716,-0.154
20030717,-2.466
20030718,0.303
20030722,-0.439
20030723,1.355
20030724,0.577
20030725,-0.238
20030728,1.969
20030729,-0.057
20030730,-2.072
20030731,-0.724
20030801,0.505
20030804,-1.667
20030805,-0.746
20030806,-0.627
20030807,-0.628
20030808,0.667
20030811,1.704
20030812,0.808
20030813,1.946
20030814,1.635
20030815,-0.506
20030818,1.704
20030819,1.397
20030820,1.153
20030821,0.684
20030822,-0.790
20030825,-0.044
20030826,0.543
20030827,-0.228
20030828,-0.816
20030829,1.151
20030901,3.109
20030902,0.186
20030903,0.239
20030904,-0.644
20030905,0.036
20030908,0.309
20030909,2.206
20030910,-0.604
20030911,-2.897
20030912,1.566
20030916,1.613
20030917,0.942
20030918,0.392
20030919,-0.864
20030922,-4.328
20030924,0.259
20030925,-1.848
20030926,0.081
20030929,-0.865
20030930,-0.103
20031001,1.382
20031002,2.217
20031003,1.087
20031006,0.288
20031007,0.744
20031008,-2.604
20031009,-0.102
20031010,2.389
20031014,1.659
20031015,-0.608
20031016,1.142
20031017,0.115
20031020,1.116
20031021,-1.173
20031022,-1.295
20031023,-5.226
20031024,0.005
20031027,1.139
20031028,1.017
20031029,1.673
20031030,-0.407
20031031,-1.279
20031104,2.694
20031105,-0.096
20031106,-2.667
20031107,0.724
20031110,-1.178
20031111,-2.873
20031112,0.188
20031113,1.084
20031114,-1.664
20031117,-3.812
20031118,1.120
20031119,-2.895
20031120,2.578
20031121,-0.131
20031125,1.084
20031126,1.837
20031127,0.183
20031128,-0.620
20031201,2.953
20031202,0.066
20031203,-0.808
20031204,0.998
20031205,-0.543
20031208,-3.214
20031209,0.783
20031210,-2.134
20031211,1.647
20031212,0.934
20031215,3.109
20031216,-2.111
20031217,-1.758
20031218,0.112
20031219,1.771
20031222,0.852
20031224,-0.012
20031225,-0.057
20031226,0.501
20031229,0.796
20031230,1.662
20040105,1.382
20040106,-0.103
20040107,-0.521
20040108,0.739
20040109,1.169
20040113,-1.058
20040114,0.123
20040115,-1.838
20040116,1.785
20040119,1.636
20040120,0.603
20040121,-0.911
20040122,-0.015
20040123,0.619
20040126,-0.875
20040127,-0.407
20040128,-0.694
20040129,-0.675
20040130,0.039
20040202,-0.064
20040203,-1.259
20040204,-1.846
20040205,0.166
20040206,-0.035
20040209,-0.559
20040210,-0.358
20040212,0.901
20040213,0.937
20040216,-0.085
20040217,1.434
20040218,-0.228
20040219,0.719
20040220,-0.308
20040223,1.374
20040224,-2.090
20040225,0.137
20040226,1.458
20040227,2.074
20040301,2.054
20040302,0.799
20040303,-0.084
20040304,0.438
20040305,1.181
20040308,-0.299
20040309,0.253
20040310,-0.860
20040311,-1.198
20040312,-1.196
20040315,1.380
20040316,-0.670
20040317,1.716
20040318,0.414
20040319,-0.574
20040322,-0.880
20040323,-0.331
20040324,0.741
20040325,1.449
20040326,2.058
20040329,-0.446
20040330,-0.210
20040331,0.185
20040401,-0.273
20040402,1.128
20040405,1.198
20040406,1.010
20040407,-0.499
20040408,0.605
20040409,-1.626
20040412,1.213
20040413,0.704
20040414,-0.245
20040415,-2.492
20040416,0.205
20040419,-0.512
20040420,1.586
20040421,-0.067
20040422,0.299
20040423,1.166
20040426,0.356
20040427,-0.983
20040428,-0.338
20040430,-2.041
20040506,-1.632
20040507,-1.152
20040510,-4.965
20040511,0.206
20040512,2.234
20040513,-2.989
20040514,0.226
20040517,-3.227
20040518,1.942
20040519,2.368
20040520,-0.968
20040521,1.899
20040524,0.283
20040525,-1.257
20040526,1.711
20040527,0.125
20040528,1.277
20040531,-0.649
20040601,0.536
20040602,-0.483
20040603,-1.934
20040604,0.912
20040607,2.764
20040608,0.714
20040609,-0.629
20040610,1.096
20040611,-0.425
20040614,-0.305
20040615,-0.909
20040616,2.206
20040617,-0.291
20040618,-1.965
20040621,1.898
20040622,-0.163
20040623,-0.006
20040624,1.403
20040625,0.308
20040628,0.876
20040629,-0.196
20040630,-0.016
20040701,0.313
20040702,-1.478
20040705,-1.546
20040706,-0.577
20040707,-0.791
20040708,-0.552
20040709,0.891
20040712,1.380
20040713,0.227
20040714,-2.194
20040715,0.461
20040716,0.235
20040720,-1.565
20040721,1.547
20040722,-1.310
20040723,-0.870
20040726,-0.249
20040727,-1.154
20040728,1.555
20040729,-0.784
20040730,1.862
20040802,-0.918
20040803,-0.730
20040804,-1.179
20040805,0.461
20040806,-0.802
20040809,-0.584
20040810,0.410
20040811,0.872
20040812,-0.194
20040813,-2.487
20040816,-0.647
20040817,0.356
20040818,0.449
20040819,1.193
20040820,-0.132
20040823,0.657
20040824,0.222
20040825,1.309
20040826,-0.006
20040827,0.719
20040830,-0.224
20040831,-0.923
20040901,0.410
20040902,0.228
20040903,-1.175
20040906,1.993
20040907,0.484
20040908,-0.175
20040909,-0.964
20040910,-0.788
20040913,1.521
20040914,0.377
20040915,-1.220
20040916,-0.172
20040917,-0.512
20040921,-0.015
20040922,-0.556
20040924,-1.134
20040927,-0.329
20040928,-0.404
20040929,-0.273
20040930,0.347
20041001,1.482
20041004,2.645
20041005,0.020
20041006,0.914
20041007,-0.271
20041008,-0.046
20041012,-1.309
20041013,-0.052
20041014,-1.455
20041015,-0.466
20041018,-0.158
20041019,0.901
20041020,-1.665
20041021,-0.858
20041022,0.627
20041025,-1.840
20041026,0.125
20041027,0.182
20041028,1.496
20041029,-0.756
20041101,-0.341
20041102,1.416
20041104,0.535
20041105,1.050
20041108,-0.707
20041109,-0.173
20041110,0.274
20041111,-1.356
20041112,1.583
20041115,1.866
20041116,-0.588
20041117,-0.273
20041118,-0.440
20041119,0.004
20041122,-2.129
20041124,0.211
20041125,0.257
20041126,-0.613
20041129,1.322
20041130,-0.719
20041201,-1.061
20041202,1.736
20041203,0.924
20041206,-0.843
20041207,-0.991
20041208,0.621
20041209,-1.517
20041210,-0.184
20041213,0.301
20041214,1.164
20041215,0.374
20041216,-0.293
20041217,1.399
20041220,0.226
20041221,0.202
20041222,0.748
20041224,1.382
20041227,-0.028
20041228,0.542
20041229,-0.373
20041230,0.937
20050104,0.252
20050105,-0.699
20050106,0.477
20050107,-0.515
20050111,0.929
20050112,-0.753
20050113,-0.834
20050114,0.703
20050117,0.425
20050118,-0.557
20050119,-0.157
20050120,-1.063
20050121,-0.412
20050124,0.454
20050125,-0.111
20050126,0.880
20050127,-0.310
20050128,-0.183
20050131,0.590
20050201,-0.028
20050202,0.200
20050203,-0.156
20050204,-0.255
20050207,1.220
20050208,-0.082
20050209,-0.149
20050210,0.697
20050214,0.678
20050215,0.123
20050216,-0.385
20050217,-0.164
20050218,0.666
20050221,-0.078
20050222,-0.459
20050223,-0.844
20050224,0.269
20050225,1.096
20050228,0.704
20050301,0.340
20050302,0.281
20050303,0.361
20050304,0.140
20050307,0.440
20050308,-0.323
20050309,0.669
20050310,-0.854
20050311,0.496
20050314,-0.619
20050315,-0.246
20050316,0.440
20050317,-0.826
20050318,0.882
20050322,-0.319
20050323,-0.872
20050324,0.058
20050325,0.129
20050328,0.265
20050329,-1.646
20050330,-0.293
20050331,0.887
20050401,0.467
20050404,-0.480
20050405,0.911
20050406,0.448
20050407,-0.137
20050408,0.538
20050411,-1.093
20050412,-0.643
20050413,-0.281
20050414,-0.641
20050415,-1.679
20050418,-3.876
20050419,1.158
20050420,0.205
20050421,-0.944
20050422,0.559
20050425,0.252
20050426,-0.343
20050427,-0.276
20050428,0.032
20050502,-0.062
20050506,1.713
20050509,-0.186
20050510,-0.106
20050511,-0.348
20050512,-0.385
20050513,-0.261
20050516,-0.926
20050517,-1.119
20050518,0.093
20050519,2.207
20050520,-0.361
20050523,1.094
20050524,-0.224
20050525,-1.077
20050526,0.123
20050527,1.480
20050530,0.659
20050531,0.091
20050601,0.470
20050602,-0.439
20050603,0.177
20050606,-0.261
20050607,-0.473
20050608,0.565
20050609,-1.071
20050610,1.276
20050613,0.064
20050614,0.216
20050615,0.703
20050616,0.004
20050617,0.852
20050620,-0.267
20050621,0.047
20050622,0.508
20050623,0.255
20050624,-0.344
20050627,-1.070
20050628,0.868
20050629,0.551
20050630,0.057
20050701,0.397
20050704,0.184
20050705,-0.300
20050706,-0.113
20050707,-0.115
20050708,-0.209
20050711,0.936
20050712,0.149
20050713,-0.277
20050714,0.892
20050715,-0.047
20050719,0.052
20050720,0.208
20050721,-0.022
20050722,-0.781
20050725,0.576
20050726,-0.210
20050727,0.824
20050728,0.196
20050729,0.348
20050801,0.397
20050802,-0.056
20050803,0.348
20050804,-0.825
20050805,-0.988
20050808,0.106
20050809,1.025
20050810,1.648
20050811,1.357
20050812,-0.013
20050815,-0.042
20050816,0.481
20050817,-0.346
20050818,0.279
20050819,-0.127
20050822,1.300
20050823,0.164
20050824,0.235
20050825,-0.780
20050826,0.276
20050829,-1.048
20050830,1.157
20050831,-0.318
20050901,0.749
20050902,0.741
20050905,0.276
20050906,-0.281
20050907,0.065
20050908,-0.586
20050909,1.254
20050912,1.598
20050913,0.043
20050914,-0.526
20050915,1.181
20050916,-0.217
20050920,1.455
20050921,0.364
20050922,-0.282
20050926,1.757
20050927,-0.619
20050928,0.941
20050929,1.341
20050930,-0.316
20051003,-0.362
20051004,1.567
20051005,-0.357
20051006,-2.443
20051007,-0.991
20051011,2.457
20051012,-0.688
20051013,-0.108
20051014,-0.214
20051017,-0.151
20051018,-0.359
20051019,-1.682
20051020,0.463
20051021,0.072
20051024,-0.713
20051025,1.322
20051026,0.858
20051027,0.165
20051028,-0.527
20051031,1.929
20051101,1.903
20051102,0.194
20051104,1.296
20051107,-0.102
20051108,-0.177
20051109,0.252
20051110,0.062
20051111,0.525
20051114,-0.276
20051115,-0.172
20051116,0.560
20051117,1.686
20051118,1.456
20051121,0.391
20051122,0.190
20051124,0.233
20051125,0.283
20051128,1.361
20051129,-0.396
20051130,-0.373
20051201,1.722
20051202,1.906
20051205,0.838
20051206,-0.826
20051207,0.397
20051208,-1.965
20051209,1.443
20051212,2.149
20051213,0.255
20051214,-2.012
20051215,-1.368
20051216,-0.535
20051219,1.429
20051220,1.610
20051221,2.002
20051222,-0.102
20051226,1.038
20051227,-0.862
20051228,1.400
20051229,0.919
20051230,-1.434
20060104,1.540
20060105,0.389
20060106,0.017
20060110,-1.867
20060111,1.473
20060112,0.497
20060113,0.059
20060116,-1.142
20060117,-2.882
20060118,-2.985
20060119,2.288
20060120,0.003
20060123,-2.164
20060124,1.859
20060125,0.013
20060126,1.522
20060127,3.522
20060130,0.549
20060131,0.594
20060201,-1.025
20060202,1.389
20060203,-0.305
20060206,0.528
20060207,-0.160
20060208,-2.718
20060209,1.021
20060210,-1.112
20060213,-2.366
20060214,1.916
20060215,-1.570
20060216,0.693
20060217,-2.080
20060220,-1.769
20060221,2.917
20060222,-0.714
20060223,1.972
20060224,0.036
20060227,0.564
20060228,0.077
20060301,-1.498
20060302,-0.343
20060303,-1.561
20060306,1.507
20060307,-1.108
20060308,-0.629
20060309,2.586
20060310,0.490
20060313,1.514
20060314,-0.756
20060315,0.496
20060316,-1.375
20060317,1.502
20060320,1.730
20060322,-0.781
20060323,-0.037
20060324,0.433
20060327,0.537
20060328,0.241
20060329,1.476
20060330,0.629
20060331,0.084
20060403,1.591
20060404,-0.233
20060405,-0.283
20060406,1.413
20060407,0.422
20060410,-0.610
20060411,-0.221
20060412,-1.478
20060413,0.213
20060414,0.201
20060417,-1.364
20060418,1.358
20060419,0.678
20060420,-0.188
20060421,0.498
20060424,-2.853
20060425,0.330
20060426,0.503
20060427,0.343
20060428,-1.225
20060501,0.115
20060502,1.338
20060508,0.801
20060509,-0.584
20060510,-1.400
20060511,-0.531
20060512,-1.556
20060515,-0.694
20060516,-2.013
20060517,0.919
20060518,-1.361
20060519,0.423
20060522,-1.859
20060523,-1.645
20060524,1.955
20060525,-1.351
20060526,1.750
20060529,-0.345
20060530,-0.354
20060531,-2.504
20060601,0.235
20060602,1.825
20060605,-0.769
20060606,-1.826
20060607,-1.895
20060608,-3.115
20060609,0.802
20060612,0.556
20060613,-4.230
20060614,0.638
20060615,1.120
20060616,2.784
20060619,-0.128
20060620,-1.436
20060621,-0.028
20060622,3.301
20060623,-0.077
20060626,0.187
20060627,0.128
20060628,-1.901
20060629,1.567
20060630,2.508
20060703,0.428
20060704,0.429
20060705,-0.735
20060706,-1.313
20060707,-0.090
20060710,1.589
20060711,-0.509
20060712,-1.461
20060713,-0.998
20060714,-1.688
20060718,-2.787
20060719,0.436
20060720,3.033
20060721,-0.844
20060724,-0.181
20060725,1.414
20060726,-0.811
20060727,1.967
20060728,1.069
20060731,0.740
20060801,-0.103
20060802,0.151
20060803,0.039
20060804,0.186
20060807,-2.252
20060808,2.029
20060809,1.233
20060810,-0.164
20060811,-0.422
20060814,1.859
20060815,-0.258
20060816,1.600
20060817,-0.315
20060818,0.530
20060821,-0.854
20060822,1.320
20060823,-0.112
20060824,-1.260
20060825,-0.138
20060828,-1.111
20060829,0.809
20060830,-0.117
20060831,1.679
20060901,-0.040
20060904,1.378
20060905,0.170
20060906,-0.624
20060907,-1.682
20060908,0.424
20060911,-1.795
20060912,-0.476
20060913,0.195
20060914,1.214
20060915,-0.474
20060919,0.046
20060920,-0.985
20060921,0.732
20060922,-1.268
20060925,-0.006
20060926,-0.490
20060927,2.479
20060928,0.482
20060929,0.639
20061002,0.783
20061003,-0.075
20061004,-0.987
20061005,2.255
20061006,-0.081
20061010,0.250
20061011,-0.466
20061012,-0.194
20061013,1.019
20061016,0.940
20061017,-0.487
20061018,0.249
20061019,-0.612
20061020,0.604
20061023,0.821
20061024,-0.050
20061025,-0.485
20061026,0.670
20061027,-0.851
20061030,-1.921
20061031,0.290
20061101,-0.147
20061102,-0.154
20061106,0.090
20061107,0.175
20061108,-1.090
20061109,-0.106
20061110,-0.533
20061113,-0.560
20061114,1.653
20061115,-0.283
20061116,-0.491
20061117,-0.447
20061120,-2.299
20061121,0.052
20061122,1.138
20061124,-1.135
20061127,0.954
20061128,-0.190
20061129,1.384
20061130,1.225
20061201,0.291
20061204,-0.112
20061205,-0.232
20061206,0.647
20061207,0.622
20061208,-0.338
20061211,0.669
20061212,0.662
20061213,0.331
20061214,0.813
20061215,0.504
20061218,0.282
20061219,-1.098
20061220,1.386
20061221,0.216
20061222,0.335
20061225,-0.071
20061226,0.445
20061227,0.462
20061228,-0.138
20061229,0.006
20070104,0.739
20070105,-1.522
20070109,0.852
20070110,-1.728
20070111,-0.617
20070112,1.291
20070115,0.892
20070116,-0.043
20070117,0.342
20070118,0.633
20070119,-0.349
20070122,0.655
20070123,-0.090
20070124,0.566
20070125,-0.281
20070126,-0.209
20070129,0.278
20070130,0.113
20070131,-0.612
20070201,0.780
20070202,0.157
20070205,-1.160
20070206,0.357
20070207,-0.660
20070208,0.001
20070209,1.218
20070213,0.667
20070214,0.742
20070215,0.811
20070216,-0.121
20070219,0.360
20070220,-0.005
20070221,-0.145
20070222,1.086
20070223,0.439
20070226,0.148
20070227,-0.525
20070228,-2.888
20070301,-0.859
20070302,-1.359
20070305,-3.401
20070306,1.208
20070307,-0.475
20070308,1.924
20070309,0.430
20070312,0.745
20070313,-0.659
20070314,-2.965
20070315,1.094
20070316,-0.692
20070319,1.573
20070320,0.899
20070322,1.481
20070323,0.352
20070326,0.236
20070327,-0.900
20070328,-0.637
20070329,0.053
20070330,0.137
20070402,-1.511
20070403,1.258
20070404,1.725
20070405,-0.301
20070406,-0.038
20070409,1.470
20070410,-0.447
20070411,0.030
20070412,-0.736
20070413,-1.011
20070416,1.511
20070417,-0.574
20070418,0.795
20070419,-1.686
20070420,0.463
20070423,0.016
20070424,-0.021
20070425,-1.243
20070426,1.114
20070427,-0.165
20070501,-0.723
20070502,0.692
20070507,1.568
20070508,-0.074
20070509,0.516
20070510,-0.063
20070511,-1.038
20070514,0.705
20070515,-0.938
20070516,0.091
20070517,-0.174
20070518,-0.567
20070521,0.900
20070522,0.699
20070523,0.142
20070524,-0.046
20070525,-1.227
20070528,0.607
20070529,0.482
20070530,-0.478
20070531,1.621
20070601,0.464
20070604,0.081
20070605,0.446
20070606,-0.071
20070607,0.069
20070608,-1.531
20070611,0.311
20070612,-0.413
20070613,-0.159
20070614,0.616
20070615,0.722
20070618,0.986
20070619,0.078
20070620,0.264
20070621,0.157
20070622,-0.284
20070625,-0.558
20070626,-0.118
20070627,-1.207
20070628,0.464
20070629,1.143
20070702,0.044
20070703,0.020
20070704,0.104
20070705,0.290
20070706,-0.443
20070709,0.665
20070710,-0.051
20070711,-1.119
20070712,-0.363
20070713,1.407
20070717,-0.119
20070718,-1.113
20070719,0.559
20070720,0.228
20070723,-1.076
20070724,0.213
20070725,-0.801
20070726,-0.879
20070727,-2.391
20070730,0.032
20070731,-0.234
20070801,-2.215
20070802,0.668
20070803,-0.025
20070806,-0.386
20070807,0.043
20070808,0.633
20070809,0.826
20070810,-2.396
20070813,0.214
20070814,0.265
20070815,-2.215
20070816,-2.005
20070817,-5.570
20070820,2.960
20070821,1.068
20070822,-0.004
20070823,2.581
20070824,-0.414
20070827,0.322
20070828,-0.085
20070829,-1.701
20070830,0.877
20070831,2.538
20070903,-0.267
20070904,-0.634
20070905,-1.609
20070906,0.608
20070907,-0.833
20070910,-2.240
20070911,0.712
20070912,-0.506
20070913,0.149
20070914,1.917
20070918,-2.040
20070919,3.603
20070920,0.197
20070921,-0.618
20070925,0.545
20070926,0.207
20070927,2.384
20070928,-0.277
20071001,0.358
20071002,1.185
20071003,0.894
20071004,-0.626
20071005,-0.161
20071009,0.554
20071010,0.105
20071011,1.623
20071012,-0.735
20071015,0.156
20071016,-1.277
20071017,-1.071
20071018,0.885
20071019,-1.720
20071022,-2.261
20071023,0.074
20071024,-0.562
20071025,-0.455
20071026,1.351
20071029,1.159
20071030,-0.282
20071031,0.519
20071101,0.790
20071102,-2.114
20071105,-1.516
20071106,-0.119
20071107,-0.946
20071108,-2.040
20071109,-1.200
20071112,-2.510
20071113,-0.465
20071114,2.435
20071115,-0.668
20071116,-1.582
20071119,-0.742
20071120,1.117
20071121,-2.488
20071122,0.344
20071126,1.642
20071127,0.577
20071128,-0.455
20071129,2.348
20071130,1.070
20071203,-0.330
20071204,-0.957
20071205,0.828
20071206,1.685
20071207,0.517
20071210,-0.201
20071211,0.753
20071212,-0.703
20071213,-2.515
20071214,-0.142
20071217,-1.721
20071218,-0.275
20071219,-1.173
20071220,0.007
20071221,1.488
20071225,1.919
20071226,0.647
20071227,-0.569
20071228,-1.664
20080104,-4.110
20080107,-1.308
20080108,0.194
20080109,0.484
20080110,-1.456
20080111,-1.946
20080115,-0.984
20080116,-3.408
20080117,2.044
20080118,0.563
20080121,-3.939
20080122,-5.816
20080123,2.016
20080124,2.035
20080125,4.015
20080128,-4.052
20080129,2.943
20080130,-0.998
20080131,1.837
20080201,-0.704
20080204,2.651
20080205,-0.827
20080206,-4.816
20080207,0.820
20080208,-1.448
20080212,0.036
20080213,0.355
20080214,4.182
20080215,-0.029
20080219,0.989
20080220,-3.307
20080221,2.800
20080222,-1.382
20080225,3.021
20080226,-0.648
20080227,1.483
20080228,-0.757
20080229,-2.343
20080303,-4.594
20080304,0.001
20080305,-0.156
20080306,1.859
20080307,-3.328
20080310,-1.980
20080311,1.002
20080312,1.590
20080313,-3.382
20080314,-1.555
20080317,-3.780
20080318,1.488
20080319,2.446
20080321,1.796
20080324,-0.020
20080325,2.102
20080326,-0.303
20080327,-0.806
20080328,1.698
20080331,-2.327
20080401,1.039
20080402,4.125
20080403,1.509
20080404,-0.725
20080407,1.174
20080408,-1.497
20080409,-1.051
20080410,-1.279
20080411,2.881
20080414,-3.096
20080415,0.564
20080416,1.190
20080417,1.900
20080418,0.582
20080421,1.620
20080422,-1.092
20080423,0.231
20080424,-0.282
20080425,2.354
20080428,0.223
20080430,-0.320
20080501,-0.602
20080502,2.031
20080507,0.378
20080508,-1.135
20080509,-2.087
20080512,0.643
20080513,1.519
20080514,1.174
20080515,0.939
20080516,-0.227
20080519,0.352
20080520,-0.770
20080521,-1.665
20080522,0.374
20080523,0.241
20080526,-2.325
20080527,1.473
20080528,-1.332
20080529,2.982
20080530,1.504
20080602,0.706
20080603,-1.612
20080604,1.581
20080605,-0.656
20080606,1.029
20080609,-2.149
20080610,-1.136
20080611,1.151
20080612,-2.101
20080613,0.611
20080616,2.688
20080617,-0.042
20080618,0.725
20080619,-2.258
20080620,-1.340
20080623,-0.609
20080624,-0.057
20080625,-0.142
20080626,-0.055
20080627,-2.031
20080630,-0.466
20080701,-0.135
20080702,-1.322
20080703,-0.158
20080704,-0.208
20080707,0.918
20080708,-2.478
20080709,0.146
20080710,0.115
20080711,-0.211
20080714,-0.227
20080715,-1.984
20080716,0.049
20080717,0.991
20080718,-0.656
20080722,2.934
20080723,0.966
20080724,2.158
20080725,-1.994
20080728,0.143
20080729,-1.466
20080730,1.571
20080731,0.067
20080801,-2.132
20080804,-1.240
20080805,-0.143
20080806,2.600
20080807,-0.985
20080808,0.330
20080811,1.974
20080812,-0.952
20080813,-2.131
20080814,-0.510
20080815,0.482
20080818,1.115
20080819,-2.308
20080820,-0.104
20080821,-0.777
20080822,-0.678
20080825,1.665
20080826,-0.779
20080827,-0.202
20080828,0.120
20080829,2.358
20080901,-1.843
20080902,-1.766
20080903,0.633
20080904,-1.045
20080905,-2.789
20080908,3.320
20080909,-1.789
20080910,-0.437
20080911,-1.997
20080912,0.923
20080916,-5.080
20080917,1.199
20080918,-2.242
20080919,3.687
20080922,1.414
20080924,0.202
20080925,-0.900
20080926,-0.949
20080929,-1.265
20080930,-4.207
20081001,0.958
20081002,-1.896
20081003,-1.961
20081006,-4.345
20081007,-3.075
20081008,-9.849
20081009,-0.499
20081010,-10.116
20081014,13.235
20081015,1.052
20081016,-12.111
20081017,2.745
20081020,3.523
20081021,3.284
20081022,-7.028
20081023,-2.494
20081024,-10.088
20081027,-6.567
20081028,6.211
20081029,7.456
20081030,9.494
20081031,-5.144
20081104,6.080
20081105,4.365
20081106,-6.757
20081107,-3.617
20081110,5.645
20081111,-3.042
20081112,-1.300
20081113,-5.397
20081114,2.680
20081117,0.709
20081118,-2.305
20081119,-0.665
20081120,-7.141
20081121,2.661
20081125,5.091
20081126,-1.339
20081127,1.931
20081128,1.645
20081201,-1.361
20081202,-6.564
20081203,1.770
20081204,-1.003
20081205,-0.085
20081208,5.067
20081209,0.799
20081210,3.100
20081211,0.694
20081212,-5.718
20081215,5.075
20081216,-1.122
20081217,0.518
20081218,0.633
20081219,-0.912
20081222,1.563
20081224,-2.398
20081225,0.963
20081226,1.615
20081229,0.087
20081230,1.277
20090105,2.051
20090106,0.416
20090107,1.729
20090108,-4.006
20090109,-0.447
20090113,-4.904
20090114,0.291
20090115,-5.045
20090116,2.545
20090119,0.324
20090120,-2.341
20090121,-2.056
20090122,1.882
20090123,-3.881
20090126,-0.818
20090127,4.815
20090128,0.559
20090129,1.772
20090130,-3.167
20090202,-1.513
20090203,-0.617
20090204,2.691
20090205,-1.117
20090206,1.585
20090209,-1.341
20090210,-0.290
20090212,-3.074
20090213,0.956
20090216,-0.376
20090217,-1.360
20090218,-1.463
20090219,0.308
20090220,-1.887
20090223,-0.544
20090224,-1.469
20090225,2.616
20090226,-0.044
20090227,1.471
20090302,-3.883
20090303,-0.695
20090304,0.843
20090305,1.936
20090306,-3.566
20090309,-1.221
20090310,-0.439
20090311,4.451
20090312,-2.441
20090313,5.026
20090316,1.766
20090317,3.130
20090318,0.289
20090319,-0.329
20090323,3.336
20090324,3.266
20090325,-0.098
20090326,1.827
20090327,-0.108
20090330,-4.637
20090331,-1.548
20090401,2.945
20090402,4.310
20090403,0.344
20090406,1.228
20090407,-0.284
20090408,-2.730
20090409,3.667
20090410,0.537
20090413,-0.444
20090414,-0.920
20090415,-1.134
20090416,0.141
20090417,1.725
20090420,0.193
20090421,-2.420
20090422,0.183
20090423,1.362
20090424,-1.584
20090427,0.211
20090428,-2.701
20090430,3.862
20090501,1.675
20090507,4.448
20090508,0.501
20090511,0.203
20090512,-1.636
20090513,0.449
20090514,-2.677
20090515,1.866
20090518,-2.473
20090519,2.746
20090520,0.583
20090521,-0.865
20090522,-0.415
20090525,1.305
20090526,-0.388
20090527,1.365
20090528,0.134
20090529,0.750
20090601,1.617
20090602,0.274
20090603,0.384
20090604,-0.749
20090605,1.019
20090608,0.994
20090609,-0.802
20090610,2.070
20090611,-0.102
20090612,1.536
20090615,-0.953
20090616,-2.898
20090617,0.898
20090618,-1.403
20090619,0.847
20090622,0.408
20090623,-2.856
20090624,0.425
20090625,2.123
20090626,0.827
20090629,-0.955
20090630,1.773
20090701,-0.186
20090702,-0.644
20090703,-0.610
20090706,-1.387
20090707,-0.342
20090708,-2.381
20090709,-1.386
20090710,-0.041
20090713,-2.584
20090714,2.310
20090715,0.080
20090716,0.805
20090717,0.546
20090721,2.696
20090722,0.734
20090723,0.715
20090724,1.536
20090727,1.439
20090728,-0.014
20090729,0.257
20090730,0.513
20090731,1.868
20090803,-0.042
20090804,0.217
20090805,-1.188
20090806,1.314
20090807,0.231
20090810,1.072
20090811,0.580
20090812,-1.432
20090813,0.785
20090814,0.759
20090817,-3.151
20090818,0.159
20090819,-0.790
20090820,1.743
20090821,-1.408
20090824,3.294
20090825,-0.794
20090826,1.347
20090827,-1.570
20090828,0.573
20090831,-0.396
20090901,0.357
20090902,-2.399
20090903,-0.642
20090904,-0.270
20090907,1.305
20090908,0.698
20090909,-0.783
20090910,1.935
20090911,-0.662
20090914,-2.347
20090915,0.152
20090916,0.519
20090917,1.671
20090918,-0.704
20090924,1.661
20090925,-2.674
20090928,-2.530
20090929,0.902
20090930,0.326
20091001,-1.537
20091002,-2.504
20091005,-0.591
20091006,0.179
20091007,1.106
20091008,0.335
20091009,1.853
20091013,0.599
20091014,-0.162
20091015,1.758
20091016,0.185
20091019,-0.205
20091020,0.975
20091021,-0.033
20091022,-0.643
20091023,0.154
20091026,0.771
20091027,-1.460
20091028,-1.355
20091029,-1.843
20091030,1.442
20091102,-2.337
20091104,0.421
20091105,-1.297
20091106,0.737
20091109,0.200
20091110,0.627
20091111,0.010
20091112,-0.683
20091113,-0.349
20091116,0.213
20091117,-0.628
20091118,-0.548
20091119,-1.325
20091120,-0.544
20091124,-1.017
20091125,0.425
20091126,-0.620
20091127,-3.268
20091130,2.866
20091201,2.396
20091202,0.383
20091203,3.766
20091204,0.449
20091207,1.436
20091208,-0.267
20091209,-1.348
20091210,-1.428
20091211,2.454
20091214,-0.022
20091215,-0.220
20091216,0.927
20091217,-0.134
20091218,-0.214
20091221,0.408
20091222,1.893
20091224,1.519
20091225,-0.401
20091228,1.321
20091229,0.036
20091230,-0.865
20100104,1.022
20100105,0.253
20100106,0.463
20100107,-0.465
20100108,1.086
20100112,0.746
20100113,-1.333
20100114,1.595
20100115,0.680
20100118,-1.163
20100119,-0.834
20100120,-0.255
20100121,1.212
20100122,-2.590
20100125,-0.738
20100126,-1.799
20100127,-0.711
20100128,1.570
20100129,-2.098
20100201,0.068
20100202,1.614
20100203,0.320
20100204,-0.466
20100205,-2.929
20100208,-1.052
20100209,-0.190
20100210,0.313
20100212,1.278
20100215,-0.785
20100216,0.209
20100217,2.680
20100218,0.280
20100219,-2.074
20100222,2.698
20100223,-0.466
20100224,-1.492
20100225,-0.954
20100226,0.238
20100301,0.454
20100302,0.488
20100303,0.306
20100304,-1.053
20100305,2.176
20100308,2.071
20100309,-0.173
20100310,-0.035
20100311,0.952
20100312,0.806
20100315,0.007
20100316,-0.282
20100317,1.162
20100318,-0.954
20100319,0.748
20100323,-0.468
20100324,0.379
20100325,0.128
20100326,1.535
20100329,-0.090
20100330,1.002
20100331,-0.065
20100401,1.383
20100402,0.370
20100405,0.470
20100406,-0.504
20100407,0.093
20100408,-1.110
20100409,0.323
20100412,0.424
20100413,-0.809
20100414,0.391
20100415,0.613
20100416,-1.534
20100419,-1.757
20100420,-0.074
20100421,1.722
20100422,-1.279
20100423,-0.317
20100426,2.277
20100427,0.419
20100428,-2.601
20100430,1.207
20100506,-3.326
20100507,-3.145
20100510,1.590
20100511,-1.142
20100512,-0.164
20100513,2.156
20100514,-1.499
20100517,-2.191
20100518,0.067
20100519,-0.546
20100520,-1.549
20100521,-2.481
20100524,-0.268
20100525,-3.107
20100526,0.661
20100527,1.222
20100528,1.271
20100531,0.059
20100601,-0.584
20100602,-1.124
20100603,3.187
20100604,-0.131
20100607,-3.918
20100608,0.180
20100609,-1.041
20100610,1.091
20100611,1.690
20100614,1.783
20100615,0.081
20100616,1.797
20100617,-0.675
20100618,-0.044
20100621,2.402
20100622,-1.230
20100623,-1.889
20100624,0.047
20100625,-1.941
20100628,-0.448
20100629,-1.280
20100630,-1.984
20100701,-2.057
20100702,0.132
20100705,0.683
20100706,0.766
20100707,-0.627
20100708,2.722
20100709,0.519
20100712,-0.389
20100713,-0.114
20100714,2.669
20100715,-1.126
20100716,-2.903
20100720,-1.153
20100721,-0.233
20100722,-0.626
20100723,2.253
20100726,0.768
20100727,-0.072
20100730,0.425
20100802,0.346
20100803,1.284
20100804,-2.134
20100805,1.719
20100806,-0.122
20100809,-0.725
20100810,-0.224
20100811,-2.741
20100812,-0.867
20100813,0.443
20100816,-0.616
20100817,-0.381
20100818,0.857
20100819,1.313
20100820,-1.977
20100823,-0.685
20100824,-1.342
20100825,-1.679
20100826,0.688
20100827,0.945
20100830,1.744
20100831,-3.619
20100901,1.160
20100902,1.510
20100903,0.564
20100906,2.033
20100907,-0.813
20100908,-2.207
20100909,0.814
20100910,1.535
20100913,0.891
20100914,-0.242
20100915,2.309
20100916,-0.074
20100917,1.219
20100921,-0.249
20100922,-0.373
20100924,-0.994
20100927,1.378
20100928,-1.124
20100929,0.668
20100930,-2.008
20101001,0.372
20101004,-0.247
20101005,1.457
20101006,1.798
20101007,-0.068
20101008,-0.995
20101012,-2.110
20101013,0.158
20101014,1.896
20101015,-0.873
20101018,-0.019
20101019,0.430
20101020,-1.669
20101021,-0.055
20101022,0.534
20101025,-0.271
20101026,-0.253
20101027,0.103
20101028,-0.224
20101029,-1.762
20101101,-0.520
20101102,0.057
20101104,2.147
20101105,2.815
20101108,1.105
20101109,-0.396
20101110,1.393
20101111,0.314
20101112,-1.395
20101115,1.051
20101116,-0.310
20101117,0.149
20101118,2.038
20101119,0.087
20101122,0.922
20101124,-0.845
20101125,0.494
20101126,-0.400
20101129,0.857
20101130,-1.884
20101201,0.512
20101202,1.791
20101203,0.096
20101206,-0.109
20101207,-0.257
20101208,0.896
20101209,0.522
20101210,-0.721
20101213,0.799
20101214,0.222
20101215,-0.068
20101216,0.015
20101217,-0.072
20101220,-0.852
20101221,1.497
20101222,-0.232
20101224,-0.652
20101227,0.744
20101228,-0.614
20101229,0.503
20101230,-1.124
20110104,1.640
20110105,-0.167
20110106,1.425
20110107,0.107
20110111,-0.288
20110112,0.020
20110113,0.729
20110114,-0.860
20110117,0.036
20110118,0.153
20110119,0.362
20110120,-1.141
20110121,-1.572
20110124,0.685
20110125,1.147
20110126,-0.599
20110127,0.735
20110128,-1.136
20110131,-1.189
20110201,0.357
20110202,1.764
20110203,-0.249
20110204,1.069
20110207,0.459
20110208,0.414
20110209,-0.171
20110210,-0.115
20110214,1.124
20110215,0.197
20110216,0.572
20110217,0.262
20110218,0.057
20110221,0.136
20110222,-1.792
20110223,-0.806
20110224,-1.202
20110225,0.706
20110228,0.920
20110301,1.216
20110302,-2.463
20110303,0.888
20110304,1.012
20110307,-1.780
20110308,0.192
20110309,0.609
20110310,-1.476
20110311,-1.740
20110314,-6.381
20110315,-10.576
20110316,4.945
20110317,-1.452
20110318,2.687
20110322,4.269
20110323,-1.667
20110324,-0.153
20110325,1.066
20110328,-0.606
20110329,-0.205
20110330,2.606
20110331,0.476
20110401,-0.480
20110404,0.108
20110405,-1.069
20110406,-0.325
20110407,0.068
20110408,1.830
20110411,-0.497
20110412,-1.706
20110413,0.895
20110414,0.132
20110415,-0.648
20110418,-0.364
20110419,-1.217
20110420,1.741
20110421,0.818
20110422,-0.037
20110425,-0.106
20110426,-1.178
20110427,1.383
20110428,1.616
20110502,1.556
20110506,-1.460
20110509,-0.660
20110510,0.249
20110511,0.462
20110512,-1.508
20110513,-0.701
20110516,-0.942
20110517,0.091
20110518,0.989
20110519,-0.428
20110520,-0.143
20110523,-1.536
20110524,0.175
20110525,-0.574
20110526,1.466
20110527,-0.420
20110530,-0.178
20110531,1.966
20110601,0.267
20110602,-1.708
20110603,-0.660
20110606,-1.185
20110607,0.665
20110608,0.069
20110609,0.187
20110610,0.498
20110613,-0.699
20110614,1.048
20110615,0.277
20110616,-1.718
20110617,-0.638
20110620,0.031
20110621,1.120
20110622,1.779
20110623,-0.340
20110624,0.851
20110627,-1.043
20110628,0.735
20110629,1.525
20110630,0.192
20110701,0.528
20110704,0.978
20110705,0.074
20110706,1.097
20110707,-0.113
20110708,0.659
20110711,-0.675
20110712,-1.436
20110713,0.374
20110714,-0.272
20110715,0.385
20110719,-0.853
20110720,1.168
20110721,0.045
20110722,1.209
20110725,-0.814
20110726,0.474
20110727,-0.502
20110728,-1.462
20110729,-0.692
20110801,1.333
20110802,-1.216
20110803,-2.130
20110804,0.228
20110805,-3.791
20110808,-2.200
20110809,-1.697
20110810,1.048
20110811,-0.630
20110812,-0.203
20110815,1.359
20110816,0.231
20110817,-0.552
20110818,-1.261
20110819,-2.542
20110822,-1.050
20110823,1.208
20110824,-1.075
20110825,1.525
20110826,0.289
20110829,0.607
20110830,1.152
20110831,0.015
20110901,1.172
20110902,-1.222
20110905,-1.875
20110906,-2.232
20110907,1.992
20110908,0.338
20110909,-0.633
20110912,-2.339
20110913,0.943
20110914,-1.144
20110915,1.749
20110916,2.228
20110920,-1.625
20110921,0.228
20110922,-2.091
20110926,-2.198
20110927,2.777
20110928,0.066
20110929,0.988
20110930,-0.011
20111003,-1.795
20111004,-1.051
20111005,-0.869
20111006,1.645
20111007,0.976
20111011,1.934
20111012,-0.397
20111013,0.961
20111014,-0.857
20111017,1.494
20111018,-1.563
20111019,0.350
20111020,-1.036
20111021,-0.038
20111024,1.884
20111025,-0.928
20111026,-0.158
20111027,2.015
20111028,1.379
20111031,-0.688
20111101,-1.715
20111102,-2.233
20111104,1.846
20111107,-0.391
20111108,-1.281
20111109,1.148
20111110,-2.951
20111111,0.161
20111114,1.043
20111115,-0.721
20111116,-0.926
20111117,0.194
20111118,-1.243
20111121,-0.319
20111122,-0.402
20111124,-1.815
20111125,-0.063
20111128,1.550
20111129,2.271
20111130,-0.511
20111201,1.911
20111202,0.538
20111205,0.602
20111206,-1.399
20111207,1.700
20111208,-0.662
20111209,-1.490
20111212,1.365
20111213,-1.174
20111214,-0.395
20111215,-1.678
20111216,0.290
20111219,-1.265
20111220,0.485
20111221,1.471
20111222,-0.769
20111226,0.998
20111227,-0.458
20111228,-0.201
20111229,-0.294
20111230,0.670
20120104,1.231
20120105,-0.838
20120106,-1.165
20120110,0.380
20120111,0.304
20120112,-0.740
20120113,1.355
20120116,-1.442
20120117,1.045
20120118,0.989
20120119,1.037
20120120,1.456
20120123,-0.005
20120124,0.221
20120125,1.113
20120126,-0.386
20120127,-0.093
20120130,-0.546
20120131,0.108
20120201,0.083
20120202,0.758
20120203,-0.507
20120206,1.095
20120207,-0.131
20120208,1.094
20120209,-0.148
20120210,-0.614
20120213,0.580
20120214,0.586
20120215,2.275
20120216,-0.240
20120217,1.569
20120220,1.070
20120221,-0.233
20120222,0.957
20120223,0.434
20120224,0.538
20120227,-0.140
20120228,0.915
20120229,0.007
20120301,-0.163
20120302,0.715
20120305,-0.806
20120306,-0.631
20120307,-0.641
20120308,1.994
20120309,1.632
20120312,-0.402
20120313,0.093
20120314,1.518
20120315,0.721
20120316,0.065
20120319,0.120
20120321,-0.549
20120322,0.402
20120323,-1.148
20120326,0.068
20120327,2.337
20120328,-0.710
20120329,-0.668
20120330,-0.309
20120402,0.261
20120403,-0.590
20120404,-2.319
20120405,-0.535
20120406,-0.814
20120409,-1.478
20120410,-0.086
20120411,-0.835
20120412,0.696
20120413,1.181
20120416,-1.752
20120417,-0.063
20120418,2.117
20120419,-0.819
20120420,-0.282
20120423,-0.201
20120424,-0.780
20120425,0.977
20120426,0.009
20120427,-0.429
20120501,-1.801
20120502,0.313
20120507,-2.823
20120508,0.683
20120509,-1.499
20120510,-0.392
20120511,-0.627
20120514,0.229
20120515,-0.818
20120516,-1.125
20120517,0.853
20120518,-3.034
20120521,0.262
20120522,1.099
20120523,-1.998
20120524,0.079
20120525,0.198
20120528,0.149
20120529,0.741
20120530,-0.276
20120531,-1.053
20120601,-1.207
20120604,-1.728
20120605,1.036
20120606,1.792
20120607,1.237
20120608,-2.111
20120611,1.939
20120612,-1.028
20120613,0.597
20120614,-0.221
20120615,0.005
20120618,1.755
20120619,-0.750
20120620,1.108
20120621,0.817
20120622,-0.292
20120625,-0.727
20120626,-0.812
20120627,0.765
20120628,1.632
20120629,1.484
20120702,-0.037
20120703,0.699
20120704,0.414
20120705,-0.268
20120706,-0.652
20120709,-1.383
20120710,-0.441
20120711,-0.076
20120712,-1.491
20120713,0.047
20120717,0.353
20120718,-0.323
20120719,0.785
20120720,-1.439
20120723,-1.881
20120724,-0.238
20120725,-1.450
20120726,0.919
20120727,1.453
20120730,0.800
20120731,0.688
20120801,-0.614
20120802,0.131
20120803,-1.140
20120806,1.981
20120807,0.879
20120808,0.880
20120809,1.091
20120810,-0.975
20120813,-0.071
20120814,0.502
20120815,-0.054
20120816,1.862
20120817,0.764
20120820,0.094
20120821,-0.155
20120822,-0.275
20120823,0.507
20120824,-1.177
20120827,0.161
20120828,-0.575
20120829,0.403
20120830,-0.953
20120831,-1.614
20120903,-0.636
20120904,-0.095
20120905,-1.096
20120906,0.009
20120907,2.177
20120910,-0.026
20120911,-0.701
20120912,1.718
20120913,0.392
20120914,1.809
20120918,-0.390
20120919,1.182
20120920,-1.586
20120921,0.253
20120924,-0.448
20120925,0.245
20120926,-2.054
20120927,0.484
20120928,-0.895
20121001,-0.834
20121002,-0.119
20121003,-0.447
20121004,0.885
20121005,0.438
20121009,-1.063
20121010,-1.997
20121011,-0.577
20121012,-0.148
20121015,0.512
20121016,1.428
20121017,1.202
20121018,1.982
20121019,0.220
20121022,0.089
20121023,0.039
20121024,-0.667
20121025,1.121
20121026,-1.358
20121029,-0.042
20121030,-0.983
20121031,0.971
20121101,0.208
20121102,1.160
20121105,-0.485
20121106,-0.359
20121107,-0.025
20121108,-1.524
20121109,-0.904
20121112,-0.931
20121113,-0.178
20121114,0.042
20121115,1.886
20121116,2.178
20121119,1.420
20121120,-0.115
20121121,0.870
20121122,1.552
20121126,0.236
20121127,0.365
20121128,-1.227
20121129,0.989
20121130,0.479
20121203,0.129
20121204,-0.272
20121205,0.385
20121206,0.803
20121207,-0.186
20121210,0.067
20121211,-0.088
20121212,0.588
20121213,1.669
20121214,-0.053
20121217,0.933
20121218,0.953
20121219,2.364
20121220,-1.199
20121221,-0.994
20121225,1.399
20121226,1.479
20121227,0.901
20121228,0.697
20130104,2.779
20130107,-0.837
20130108,-0.862
20130109,0.669
20130110,0.698
20130111,1.388
20130115,0.715
20130116,-2.595
20130117,0.087
20130118,2.822
20130121,-1.529
20130122,-0.352
20130123,-2.104
20130124,1.269
20130125,2.838
20130128,-0.941
20130129,0.391
20130130,2.250
20130131,0.222
20130201,0.472
20130204,0.615
20130205,-1.914
20130206,3.704
20130207,-0.935
20130208,-1.812
20130212,1.918
20130213,-1.041
20130214,0.495
20130215,-1.187
20130218,2.073
20130219,-0.312
20130220,0.840
20130221,-1.397
20130222,0.677
20130225,2.400
20130226,-2.287
20130227,-1.279
20130228,2.677
20130301,0.406
20130304,0.395
20130305,0.267
20130306,2.107
20130307,0.300
20130308,2.602
20130311,0.531
20130312,-0.278
20130313,-0.612
20130314,1.150
20130315,1.441
20130318,-2.747
20130319,2.006
20130321,1.334
20130322,-2.380
20130325,1.671
20130326,-0.598
20130327,0.178
20130328,-1.271
20130329,0.501
20130401,-2.143
20130402,-1.090
20130403,2.945
20130404,2.179
20130405,1.564
20130408,2.759
20130409,-0.002
20130410,0.723
20130411,1.945
20130412,-0.474
20130415,-1.566
20130416,-0.409
20130417,1.214
20130418,-1.224
20130419,0.727
20130422,1.874
20130423,-0.286
20130424,2.293
20130425,0.595
20130426,-0.302
20130430,-0.168
20130501,-0.445
20130502,-0.766
20130507,3.489
20130508,0.741
20130509,-0.662
20130510,2.890
20130513,1.189
20130514,-0.161
20130515,2.262
20130516,-0.390
20130517,0.669
20130520,1.460
20130521,0.131
20130522,1.588
20130523,-7.597
20130524,0.883
20130527,-3.268
20130528,1.190
20130529,0.101
20130530,-5.285
20130531,1.356
20130603,-3.793
20130604,2.030
20130605,-3.909
20130606,-0.855
20130607,-0.205
20130610,4.826
20130611,-1.465
20130612,-0.213
20130613,-6.561
20130614,1.919
20130617,2.695
20130618,-0.198
20130619,1.813
20130620,-1.757
20130621,1.643
20130624,-1.273
20130625,-0.718
20130626,-1.049
20130627,2.914
20130628,3.450
20130701,1.273
20130702,1.762
20130703,-0.307
20130704,-0.261
20130705,2.055
20130708,-1.412
20130709,2.544
20130710,-0.390
20130711,0.388
20130712,0.232
20130716,0.638
20130717,0.109
20130718,1.315
20130719,-1.487
20130722,0.466
20130723,0.819
20130724,-0.320
20130725,-1.149
20130726,-3.018
20130729,-3.374
20130730,1.516
20130731,-1.463
20130801,2.439
20130802,3.234
20130805,-1.449
20130806,0.998
20130807,-4.083
20130808,-1.600
20130809,0.071
20130812,-0.706
20130813,2.538
20130814,1.312
20130815,-2.138
20130816,-0.751
20130819,0.788
20130820,-2.665
20130821,0.208
20130822,-0.442
20130823,2.186
20130826,-0.178
20130827,-0.691
20130828,-1.517
20130829,0.905
20130830,-0.528
20130902,1.365
20130903,2.944
20130904,0.538
20130905,0.078
20130906,-1.461
20130909,2.454
20130910,1.524
20130911,0.012
20130912,-0.262
20130913,0.121
20130917,-0.648
20130918,1.344
20130919,1.782
20130920,-0.161
20130924,-0.067
20130925,-0.764
20130926,1.214
20130927,-0.264
20130930,-2.083
20131001,0.200
20131002,-2.193
20131003,-0.093
20131004,-0.943
20131007,-1.227
20131008,0.298
20131009,1.026
20131010,1.111
20131011,1.469
20131015,0.255
20131016,0.177
20131017,0.822
20131018,-0.171
20131021,0.903
20131022,0.134
20131023,-1.971
20131024,0.418
20131025,-2.787
20131028,2.162
20131029,-0.488
20131030,1.224
20131031,-1.210
20131101,-0.886
20131105,0.167
20131106,0.784
20131107,-0.762
20131108,-1.000
20131111,1.291
20131112,2.210
20131113,-0.148
20131114,2.101
20131115,1.927
20131118,-0.011
20131119,-0.249
20131120,-0.334
20131121,1.902
20131122,0.105
20131125,1.532
20131126,-0.667
20131127,-0.424
20131128,1.780
20131129,-0.416
20131202,-0.043
20131203,0.602
20131204,-2.194
20131205,-1.507
20131206,0.803
20131209,2.264
20131210,-0.249
20131211,-0.618
20131212,-1.123
20131213,0.399
20131216,-1.638
20131217,0.826
20131218,2.003
20131219,1.726
20131220,0.071
20131224,0.119
20131225,0.757
20131226,1.022
20131227,0.028
20131230,0.692
20140106,-2.375
20140107,-0.596
20140108,1.923
20140109,-1.507
20140110,0.200
20140114,-3.126
20140115,2.474
20140116,-0.390
20140117,-0.081
20140120,-0.591
20140121,0.982
20140122,0.158
20140123,-0.794
20140124,-1.958
20140127,-2.539
20140128,-0.171
20140129,2.660
20140130,-2.480
20140131,-0.618
20140203,-2.000
20140204,-4.267
20140205,1.220
20140206,-0.178
20140207,2.148
20140210,1.754
20140212,0.554
20140213,-1.809
20140214,-1.537
20140217,0.558
20140218,3.079
20140219,-0.518
20140220,-2.173
20140221,2.842
20140224,-0.188
20140225,1.431
20140226,-0.537
20140227,-0.320
20140228,-0.551
20140303,-1.281
20140304,0.472
20140305,1.189
20140306,1.579
20140307,0.916
20140310,-1.013
20140311,0.685
20140312,-2.620
20140313,-0.097
20140314,-3.351
20140317,-0.350
20140318,0.931
20140319,0.355
20140320,-1.661
20140324,1.750
20140325,-0.361
20140326,0.373
20140327,1.002
20140328,0.499
20140331,0.893
20140401,-0.242
20140402,1.038
20140403,0.837
20140404,-0.054
20140407,-1.707
20140408,-1.373
20140409,-2.125
20140410,0.003
20140411,-2.407
20140414,-0.358
20140415,0.621
20140416,2.963
20140417,-0.001
20140418,0.683
20140421,-0.027
20140422,-0.855
20140423,1.089
20140424,-0.976
20140425,0.168
20140428,-0.982
20140430,0.111
20140501,1.258
20140502,-0.191
20140507,-2.977
20140508,0.924
20140509,0.253
20140512,-0.353
20140513,1.931
20140514,-0.137
20140515,-0.749
20140516,-1.420
20140519,-0.642
20140520,0.490
20140521,-0.235
20140522,2.083
20140523,0.864
20140526,0.966
20140527,0.233
20140528,0.235
20140529,0.073
20140530,-0.337
20140602,2.053
20140603,0.656
20140604,0.224
20140605,0.076
20140606,-0.014
20140609,0.310
20140610,-0.858
20140611,0.497
20140612,-0.639
20140613,0.827
20140616,-1.096
20140617,0.285
20140618,0.929
20140619,1.610
20140620,-0.076
20140623,0.129
20140624,0.045
20140625,-0.716
20140626,0.274
20140627,-1.404
20140630,0.444
20140701,1.076
20140702,0.285
20140703,-0.141
20140704,0.577
20140707,-0.374
20140708,-0.424
20140709,-0.077
20140710,-0.565
20140711,-0.345
20140714,0.872
20140715,0.641
20140716,-0.103
20140717,-0.059
20140718,-1.011
20140722,0.835
20140723,-0.096
20140724,-0.288
20140725,1.128
20140728,0.462
20140729,0.569
20140730,0.180
20140731,-0.163
20140801,-0.627
20140804,-0.314
20140805,-1.001
20140806,-1.053
20140807,0.478
20140808,-3.026
20140811,2.355
20140812,0.203
20140813,0.344
20140814,0.661
20140815,0.025
20140818,0.028
20140819,0.827
20140820,0.030
20140821,0.849
20140822,-0.302
20140825,0.475
20140826,-0.591
20140827,0.088
20140828,-0.484
20140829,-0.228
20140901,0.337
20140902,1.233
20140903,0.381
20140904,-0.332
20140905,-0.048
20140908,0.232
20140909,0.280
20140910,0.251
20140911,0.760
20140912,0.245
20140916,-0.231
20140917,-0.144
20140918,1.120
20140919,1.566
20140922,-0.709
20140924,-0.238
20140925,1.270
20140926,-0.885
20140929,0.496
20140930,-0.844
20141001,-0.566
20141002,-2.648
20141003,0.297
20141006,1.154
20141007,-0.676
20141008,-1.197
20141009,-0.753
20141010,-1.159
20141014,-2.408
20141015,0.913
20141016,-2.248
20141017,-1.407
20141020,3.905
20141021,-2.052
20141022,2.610
20141023,-0.375
20141024,1.003
20141027,0.633
20141028,-0.383
20141029,1.451
20141030,0.668
20141031,4.713
20141104,2.697
20141105,0.443
20141106,-0.859
20141107,0.522
20141110,-0.593
20141111,2.027
20141112,0.425
20141113,1.132
20141114,0.562
20141117,-3.001
20141118,2.158
20141119,-0.319
20141120,0.070
20141121,0.327
20141125,0.288
20141126,-0.138
20141127,-0.780
20141128,1.218
20141201,0.743
20141202,0.415
20141203,0.323
20141204,0.937
20141205,0.186
20141208,0.085
20141209,-0.684
20141210,-2.276
20141211,-0.895
20141212,0.659
20141215,-1.579
20141216,-2.033
20141217,0.384
20141218,2.294
20141219,2.362
20141222,0.078
20141224,1.235
20141225,-0.255
20141226,0.057
20141229,-0.501
20141230,-1.587
20150105,-0.241
20150106,-3.065
20150107,0.013
20150108,1.655
20150109,0.178
20150113,-0.642
20150114,-1.722
20150115,1.845
20150116,-1.440
20150119,0.886
20150120,2.048
20150121,-0.495
20150122,0.281
20150123,1.049
20150126,-0.247
20150127,1.702
20150128,0.154
20150129,-1.071
20150130,0.386
20150202,-0.660
20150203,-1.274
20150204,1.959
20150205,-0.990
20150206,0.819
20150209,0.359
20150210,-0.335
20150212,1.836
20150213,-0.370
20150216,0.509
20150217,-0.098
20150218,1.172
20150219,0.360
20150220,0.369
20150223,0.732
20150224,0.737
20150225,-0.098
20150226,1.074
20150227,0.065
20150302,0.154
20150303,-0.062
20150304,-0.595
20150305,0.258
20150306,1.162
20150309,-0.956
20150310,-0.670
20150311,0.312
20150312,1.419
20150313,1.376
20150316,-0.043
20150317,0.987
20150318,0.551
20150319,-0.348
20150320,0.429
20150323,0.988
20150324,-0.207
20150325,0.166
20150326,-1.403
20150327,-0.957
20150330,0.650
20150331,-1.059
20150401,-0.900
20150402,1.450
20150403,0.631
20150406,-0.191
20150407,1.243
20150408,0.757
20150409,0.745
20150410,-0.151
20150413,-0.011
20150414,0.016
20150415,-0.196
20150416,0.081
20150417,-1.178
20150420,-0.094
20150421,1.389
20150422,1.123
20150423,0.267
20150424,-0.834
20150427,-0.184
20150428,0.378
20150430,-2.724
20150501,0.060
20150507,-1.235
20150508,0.451
20150511,1.240
20150512,0.020
20150513,0.710
20150514,-0.989
20150515,0.828
20150518,0.794
20150519,0.682
20150520,0.846
20150521,0.031
20150522,0.304
20150525,0.734
20150526,0.116
20150527,0.172
20150528,0.385
20150529,0.057
20150601,0.033
20150602,-0.130
20150603,-0.340
20150604,0.072
20150605,-0.133
20150608,-0.018
20150609,-1.780
20150610,-0.249
20150611,1.665
20150612,0.118
20150615,-0.095
20150616,-0.639
20150617,-0.191
20150618,-1.136
20150619,0.913
20150622,1.251
20150623,1.849
20150624,0.281
20150625,-0.464
20150626,-0.315
20150629,-2.922
20150630,0.624
20150701,0.461
20150702,0.946
20150703,0.084
20150706,-2.104
20150707,1.306
20150708,-3.186
20150709,0.595
20150710,-0.382
20150713,1.555
20150714,1.460
20150715,0.382
20150716,0.666
20150717,0.246
20150721,0.921
20150722,-1.198
20150723,0.437
20150724,-0.676
20150727,-0.951
20150728,-0.104
20150729,-0.128
20150730,1.077
20150731,0.304
20150803,-0.181
20150804,-0.135
20150805,0.456
20150806,0.244
20150807,0.291
20150810,0.405
20150811,-0.424
20150812,-1.596
20150813,0.989
20150814,-0.370
20150817,0.490
20150818,-0.320
20150819,-1.628
20150820,-0.940
20150821,-3.029
20150824,-4.715
20150825,-4.039
20150826,3.152
20150827,1.070
20150828,2.980
20150831,-1.293
20150901,-3.912
20150902,-0.388
20150903,0.480
20150904,-2.170
20150907,0.383
20150908,-2.456
20150909,7.426
20150910,-2.541
20150911,-0.194
20150914,-1.648
20150915,0.338
20150916,0.802
20150917,1.424
20150918,-1.984
20150924,-2.797
20150925,1.741
20150928,-1.325
20150929,-4.132
20150930,2.665
20151001,1.904
20151002,0.015
20151005,1.569
20151006,0.998
20151007,0.750
20151008,-0.997
20151009,1.627
20151013,-1.112
20151014,-1.903
20151015,1.144
20151016,1.071
20151019,-0.882
20151020,0.418
20151021,1.889
20151022,-0.640
20151023,2.090
20151026,0.645
20151027,-0.902
20151028,0.669
20151029,0.173
20151030,0.775
20151102,-2.118
20151104,1.296
20151105,0.996
20151106,0.777
20151109,1.939
20151110,0.145
20151111,0.102
20151112,0.032
20151113,-0.513
20151116,-1.042
20151117,1.214
20151118,0.094
20151119,1.066
20151120,0.101
20151124,0.227
20151125,-0.389
20151126,0.487
20151127,-0.304
20151130,-0.689
20151201,1.333
20151202,-0.372
20151203,0.009
20151204,-2.208
20151207,0.988
20151208,-1.049
20151209,-0.987
20151210,-1.327
20151211,0.961
20151214,-1.821
20151215,-1.696
20151216,2.574
20151217,1.581
20151218,-1.913
20151221,-0.373
20151222,-0.155
20151224,-0.515
20151225,-0.110
20151228,0.554
20151229,0.575
20151230,0.271
20160104,-3.109
20160105,-0.418
20160106,-0.999
20160107,-2.358
20160108,-0.391
20160112,-2.744
20160113,2.844
20160114,-2.716
20160115,-0.546
20160118,-1.123
20160119,0.546
20160120,-3.779
20160121,-2.460
20160122,5.710
20160125,0.895
20160126,-2.377
20160127,2.687
20160128,-0.716
20160129,2.760
20160201,1.961
20160202,-0.643
20160203,-3.202
20160204,-0.854
20160205,-1.331
20160208,1.092
20160209,-5.555
20160210,-2.340
20160212,-4.963
20160215,6.911
20160216,0.199
20160217,-1.368
20160218,2.251
20160219,-1.428
20160222,0.897
20160223,-0.367
20160224,-0.852
20160225,1.401
20160226,0.297
20160229,-1.004
20160301,0.366
20160302,4.027
20160303,1.267
20160304,0.322
20160307,-0.610
20160308,-0.761
20160309,-0.843
20160310,1.255
20160311,0.512
20160314,1.726
20160315,-0.679
20160316,-0.837
20160317,-0.225
20160318,-1.257
20160322,1.917
20160323,-0.279
20160324,-0.641
20160325,0.652
20160328,0.771
20160329,-0.180
20160330,-1.322
20160331,-0.715
20160401,-3.612
20160404,-0.253
20160405,-2.451
20160406,-0.111
20160407,0.219
20160408,0.454
20160411,-0.446
20160412,1.122
20160413,2.801
20160414,3.183
20160415,-0.373
20160418,-3.455
20160419,3.611
20160420,0.190
20160421,2.668
20160422,1.196
20160425,-0.761
20160426,-0.494
20160427,-0.362
20160428,-3.678
20160502,-3.162
20160506,-0.252
20160509,0.676
20160510,2.130
20160511,0.083
20160512,0.405
20160513,-1.416
20160516,0.330
20160517,1.126
20160518,-0.049
20160519,0.012
20160520,0.537
20160523,-0.490
20160524,-0.940
20160525,1.555
20160526,0.090
20160527,0.371
20160530,1.376
20160531,0.973
20160601,-1.634
20160602,-2.346
20160603,0.480
20160606,-0.374
20160607,0.574
20160608,0.928
20160609,-0.970
20160610,-0.403
20160613,-3.570
20160614,-1.005
20160615,0.381
20160616,-3.097
20160617,1.067
20160620,2.317
20160621,1.269
20160622,-0.641
20160623,1.069
20160624,-8.253
20160627,2.361
20160628,0.091
20160629,1.578
20160630,0.058
20160701,0.682
20160704,0.593
20160705,-0.677
20160706,-1.870
20160707,-0.670
20160708,-1.114
20160711,3.907
20160712,2.433
20160713,0.840
20160714,0.947
20160715,0.681
20160719,1.357
20160720,-0.248
20160721,0.766
20160722,-1.094
20160725,-0.042
20160726,-1.438
20160727,1.705
20160728,-1.134
20160729,0.559
20160801,0.401
20160802,-1.480
20160803,-1.899
20160804,1.062
20160805,-0.003
20160808,2.408
20160809,0.685
20160810,-0.178
20160812,1.098
20160815,-0.298
20160816,-1.632
20160817,0.895
20160818,-1.563
20160819,0.362
20160822,0.316
20160823,-0.609
20160824,0.604
20160825,-0.249
20160826,-1.186
20160829,2.277
20160830,-0.072
20160831,0.964
20160901,0.233
20160902,-0.007
20160905,0.659
20160906,0.260
20160907,-0.408
20160908,-0.316
20160909,0.041
20160912,-1.741
20160913,0.336
20160914,-0.689
20160915,-1.267
20160916,0.694
20160920,-0.164
20160921,1.895
20160923,-0.319
20160926,-1.258
20160927,0.839
20160928,-1.318
20160929,1.377
20160930,-1.472
20161003,0.901
20161004,0.822
20161005,0.498
20161006,0.474
20161007,-0.231
20161011,0.972
20161012,-1.091
20161013,-0.391
20161014,0.488
20161017,0.259
20161018,0.375
20161019,0.208
20161020,1.382
20161021,-0.296
20161024,0.290
20161025,0.756
20161026,0.153
20161027,-0.319
20161028,0.632
20161031,-0.123
20161101,0.100
20161102,-1.780
20161104,-1.347
20161107,1.595
20161108,-0.034
20161109,-5.506
20161110,6.508
20161111,0.175
20161114,1.700
20161115,-0.025
20161116,1.092
20161117,0.002
20161118,0.585
20161121,0.768
20161122,0.314
20161124,0.934
20161125,0.260
20161128,-0.132
20161129,-0.272
20161130,0.008
20161201,1.112
20161202,-0.471
20161205,-0.823
20161206,0.467
20161207,0.739
20161208,1.443
20161209,1.223
20161212,0.832
20161213,0.497
20161214,0.016
20161215,0.105
20161216,0.659
20161219,-0.049
20161220,0.529
20161221,-0.257
20161222,-0.087
20161226,-0.160
20161227,0.033
20161228,-0.007
20161229,-1.331
20161230,-0.161
20170104,2.479
20170105,-0.376
20170106,-0.341
20170110,-0.789
20170111,0.327
20170112,-1.195
20170113,0.794
20170116,-1.001
20170117,-1.486
20170118,0.429
20170119,0.937
20170120,0.344
20170123,-1.298
20170124,-0.547
20170125,1.424
20170126,1.794
20170127,0.335
20170130,-0.508
20170131,-1.705
20170201,0.559
20170202,-1.227
20170203,0.019
20170206,0.309
20170207,-0.348
20170208,0.511
20170209,-0.527
20170210,2.462
20170213,0.413
20170214,-1.138
20170215,1.029
20170216,-0.466
20170217,-0.585
20170220,0.086
20170221,0.675
20170222,-0.008
20170223,-0.043
20170224,-0.455
20170227,-0.917
20170228,0.060
20170301,1.426
20170302,0.879
20170303,-0.490
20170306,-0.463
20170307,-0.181
20170308,-0.467
20170309,0.335
20170310,1.470
20170313,0.149
20170314,-0.124
20170315,-0.164
20170316,0.065
20170317,-0.351
20170321,-0.337
20170322,-2.153
20170323,0.230
20170324,0.924
20170327,-1.448
20170328,1.138
20170329,0.076
20170330,-0.806
20170331,-0.811
20170403,0.390
20170404,-0.915
20170405,0.271
20170406,-1.411
20170407,0.363
20170410,0.711
20170411,-0.266
20170412,-1.047
20170413,-0.680
20170414,-0.496
20170417,0.107
20170418,0.344
20170419,0.074
20170420,-0.009
20170421,1.027
20170424,1.361
20170425,1.072
20170426,1.095
20170427,-0.195
20170428,-0.287
20170501,0.591
20170502,0.698
20170508,2.288
20170509,-0.265
20170510,0.287
20170511,0.308
20170512,-0.390
20170515,-0.071
20170516,0.251
20170517,-0.528
20170518,-1.326
20170519,0.189
20170522,0.446
20170523,-0.331
20170524,0.659
20170525,0.355
20170526,-0.639
20170529,-0.022
20170530,-0.024
20170531,-0.139
20170601,1.060
20170602,1.585
20170605,-0.032
20170606,-0.951
20170607,0.024
20170608,-0.378
20170609,0.521
20170612,-0.524
20170613,-0.049
20170614,-0.077
20170615,-0.260
20170616,0.560
20170619,0.622
20170620,0.807
20170621,-0.454
20170622,-0.141
20170623,0.110
20170626,0.103
20170627,0.355
20170628,-0.469
20170629,0.446
20170630,-0.928
20170703,0.112
20170704,-0.117
20170705,0.246
20170706,-0.437
20170707,-0.325
20170710,0.759
20170711,0.569
20170712,-0.482
20170713,0.007
20170714,0.095
20170717,-0.276
20170718,-0.317
20170719,0.105
20170720,0.616
20170721,-0.223
20170724,-0.619
20170725,-0.103
20170726,0.475
20170727,0.147
20170728,-0.598
20170731,-0.174
20170801,0.304
20170802,0.470
20170803,-0.253
20170804,-0.385
20170807,0.518
20170808,-0.299
20170809,-1.295
20170810,-0.045
20170814,-0.981
20170815,1.101
20170816,-0.122
20170817,-0.135
20170818,-1.186
20170821,-0.398
20170822,-0.048
20170823,0.262
20170824,-0.417
20170825,0.509
20170828,-0.014
20170829,-0.450
20170830,0.741
20170831,0.714
20170901,0.230
20170904,-0.935
20170905,-0.630
20170906,-0.144
20170907,0.199
20170908,-0.629
20170911,1.396
20170912,1.174
20170913,0.450
20170914,-0.294
20170915,0.514
20170918,1.082
20170919,0.858
20170920,0.055
20170921,0.182
20170922,-0.251
20170925,0.497
20170926,-0.331
20170927,-0.311
20170928,0.473
20170929,-0.034
20171002,0.218
20171003,1.040
20171004,0.061
20171005,0.009
20171006,0.301
20171010,0.640
20171011,0.277
20171012,0.351
20171013,0.952
20171016,0.473
20171017,0.378
20171018,0.126
20171019,0.399
20171020,0.043
20171023,1.108
20171024,0.499
20171025,-0.448
20171026,0.148
20171027,1.228
20171030,0.015
20171031,0.000
20171101,1.839
20171102,0.530
20171106,0.041
20171107,1.712
20171108,-0.104
20171109,-0.197
20171110,-0.822
20171113,-1.333
20171114,-0.004
20171115,-1.584
20171116,1.455
20171117,0.204
20171120,-0.605
20171121,0.693
20171122,0.475
20171124,0.123
20171127,-0.244
20171128,-0.043
20171129,0.492
20171130,0.564
20171201,0.413
20171204,-0.491
20171205,-0.374
20171206,-1.988
20171207,1.437
20171208,1.382
20171211,0.558
20171212,-0.317
20171213,-0.474
20171214,-0.280
20171215,-0.624
20171218,1.534
20171219,-0.148
20171220,0.104
20171221,-0.112
20171222,0.160
20171225,0.159
20171226,-0.203
20171227,0.081
20171228,-0.557
20171229,-0.084
20180104,3.205
20180105,0.882
20180109,0.570
20180110,-0.259
20180111,-0.327
20180112,-0.239
20180115,0.258
20180116,0.994
20180117,-0.349
20180118,-0.441
20180119,0.188
20180122,0.035
20180123,1.284
20180124,-0.763
20180125,-1.140
20180126,-0.159
20180129,-0.011
20180130,-1.438
20180131,-0.835
20180201,1.665
20180202,-0.905
20180205,-2.578
20180206,-4.841
20180207,0.162
20180208,1.128
20180209,-2.349
20180213,-0.647
20180214,-0.427
20180215,1.459
20180216,1.182
20180219,1.956
20180220,-1.017
20180221,0.208
20180222,-1.072
20180223,0.717
20180226,1.184
20180227,1.061
20180228,-1.447
20180301,-1.570
20180302,-2.530
20180305,-0.661
20180306,1.770
20180307,-0.774
