date,onehot1,onehot2,onehot3,onehot4
20010109 ,0,0,0,1
20010110 ,0,0,0,1
20010111 ,0,0,0,1
20010112 ,1,0,0,0
20010115 ,1,0,0,0
20010116 ,0,1,0,0
20010117 ,0,1,0,0
20010118 ,1,0,0,0
20010119 ,0,1,0,0
20010122 ,0,1,0,0
20010123 ,0,0,1,0
20010124 ,0,0,1,0
20010125 ,0,0,1,0
20010126 ,0,0,1,0
20010129 ,1,0,0,0
20010130 ,0,0,1,0
20010131 ,0,1,0,0
20010201 ,0,0,1,0
20010202 ,0,0,1,0
20010205 ,0,0,0,1
20010206 ,0,0,1,0
20010207 ,0,1,0,0
20010208 ,0,0,0,1
20010209 ,1,0,0,0
20010213 ,0,0,0,1
20010214 ,0,1,0,0
20010215 ,0,1,0,0
20010216 ,0,0,0,1
20010219 ,0,0,1,0
20010220 ,0,1,0,0
20010221 ,0,0,0,1
20010222 ,0,0,1,0
20010223 ,1,0,0,0
20010226 ,0,0,1,0
20010227 ,0,0,0,1
20010228 ,0,0,0,1
20010301 ,0,0,0,1
20010302 ,0,0,0,1
20010305 ,0,1,0,0
20010306 ,1,0,0,0
20010307 ,0,1,0,0
20010308 ,0,0,1,0
20010309 ,0,0,1,0
20010312 ,0,0,0,1
20010313 ,0,0,0,1
20010314 ,0,1,0,0
20010315 ,1,0,0,0
20010316 ,0,1,0,0
20010319 ,0,0,1,0
20010321 ,1,0,0,0
20010322 ,0,0,0,1
20010323 ,1,0,0,0
20010326 ,1,0,0,0
20010327 ,0,0,0,1
20010328 ,0,1,0,0
20010329 ,0,0,0,1
20010330 ,0,0,1,0
20010402 ,0,0,1,0
20010403 ,1,0,0,0
20010404 ,0,1,0,0
20010405 ,1,0,0,0
20010406 ,0,1,0,0
20010409 ,0,0,0,1
20010410 ,0,0,0,1
20010411 ,1,0,0,0
20010412 ,1,0,0,0
20010413 ,0,1,0,0
20010416 ,0,0,1,0
20010417 ,0,0,0,1
20010418 ,1,0,0,0
20010419 ,1,0,0,0
20010420 ,0,0,1,0
20010423 ,0,0,1,0
20010424 ,0,1,0,0
20010425 ,0,1,0,0
20010426 ,1,0,0,0
20010427 ,0,0,1,0
20010501 ,1,0,0,0
20010502 ,0,0,1,0
20010507 ,0,1,0,0
20010508 ,0,0,0,1
20010509 ,0,0,0,1
20010510 ,0,0,1,0
20010511 ,0,1,0,0
20010514 ,0,0,0,1
20010515 ,1,0,0,0
20010516 ,0,0,0,1
20010517 ,1,0,0,0
20010518 ,0,0,1,0
20010521 ,1,0,0,0
20010522 ,0,0,1,0
20010523 ,0,0,1,0
20010524 ,0,0,0,1
20010525 ,0,0,1,0
20010528 ,0,0,1,0
20010529 ,0,1,0,0
20010530 ,0,0,0,1
20010531 ,0,0,0,1
20010601 ,0,0,1,0
20010604 ,0,1,0,0
20010605 ,0,0,1,0
20010606 ,0,0,1,0
20010607 ,0,1,0,0
20010608 ,1,0,0,0
20010611 ,0,0,0,1
20010612 ,0,0,0,1
20010613 ,0,0,1,0
20010614 ,0,1,0,0
20010615 ,0,0,1,0
20010618 ,0,0,1,0
20010619 ,0,0,1,0
20010620 ,0,1,0,0
20010621 ,1,0,0,0
20010622 ,0,1,0,0
20010625 ,0,0,0,1
20010626 ,0,1,0,0
20010627 ,0,0,0,1
20010628 ,0,0,0,1
20010629 ,1,0,0,0
20010702 ,0,0,0,1
20010703 ,0,1,0,0
20010704 ,0,0,0,1
20010705 ,0,0,1,0
20010706 ,0,0,0,1
20010709 ,0,0,1,0
20010710 ,0,1,0,0
20010711 ,0,0,0,1
20010712 ,1,0,0,0
20010713 ,0,0,1,0
20010716 ,0,0,1,0
20010717 ,0,0,0,1
20010718 ,0,0,0,1
20010719 ,0,1,0,0
20010723 ,0,0,0,1
20010724 ,1,0,0,0
20010725 ,0,1,0,0
20010726 ,0,0,1,0
20010727 ,0,0,1,0
20010730 ,0,0,0,1
20010731 ,1,0,0,0
20010801 ,0,1,0,0
20010802 ,1,0,0,0
20010803 ,0,0,0,1
20010806 ,0,1,0,0
20010807 ,0,1,0,0
20010808 ,0,0,0,1
20010809 ,0,0,0,1
20010810 ,0,0,1,0
20010813 ,0,0,0,1
20010814 ,1,0,0,0
20010815 ,0,0,0,1
20010816 ,0,0,0,1
20010817 ,0,0,1,0
20010820 ,0,0,0,1
20010821 ,0,1,0,0
20010822 ,1,0,0,0
20010823 ,0,0,0,1
20010824 ,0,1,0,0
20010827 ,0,1,0,0
20010828 ,0,0,1,0
20010829 ,0,0,0,1
20010830 ,0,0,1,0
20010831 ,0,0,0,1
20010903 ,0,0,0,1
20010904 ,1,0,0,0
20010905 ,0,0,0,1
20010906 ,0,1,0,0
20010907 ,0,0,0,1
20010910 ,0,0,0,1
20010911 ,0,1,0,0
20010912 ,0,0,0,1
20010913 ,0,1,0,0
20010914 ,1,0,0,0
20010917 ,0,0,0,1
20010918 ,1,0,0,0
20010919 ,1,0,0,0
20010920 ,0,0,0,1
20010921 ,0,0,0,1
20010925 ,1,0,0,0
20010926 ,0,0,1,0
20010927 ,0,1,0,0
20010928 ,0,1,0,0
20011001 ,1,0,0,0
20011002 ,1,0,0,0
20011003 ,0,0,0,1
20011004 ,1,0,0,0
20011005 ,0,1,0,0
20011009 ,0,0,0,1
20011010 ,0,0,1,0
20011011 ,1,0,0,0
20011012 ,1,0,0,0
20011015 ,0,0,0,1
20011016 ,1,0,0,0
20011017 ,1,0,0,0
20011018 ,0,0,0,1
20011019 ,0,1,0,0
20011023 ,1,0,0,0
20011024 ,0,0,1,0
20011025 ,0,1,0,0
20011026 ,0,0,1,0
20011029 ,0,0,0,1
20011030 ,0,0,1,0
20011031 ,0,0,0,1
20011101 ,0,0,1,0
20011102 ,0,1,0,0
20011105 ,0,1,0,0
20011106 ,1,0,0,0
20011107 ,0,0,0,1
20011108 ,1,0,0,0
20011109 ,0,0,0,1
20011112 ,0,0,0,1
20011113 ,0,0,1,0
20011114 ,0,1,0,0
20011115 ,1,0,0,0
20011116 ,1,0,0,0
20011119 ,0,1,0,0
20011120 ,0,0,0,1
20011121 ,0,1,0,0
20011122 ,0,1,0,0
20011126 ,1,0,0,0
20011127 ,0,0,0,1
20011128 ,0,0,0,1
20011129 ,0,1,0,0
20011130 ,0,1,0,0
20011203 ,0,0,0,1
20011204 ,0,1,0,0
20011205 ,1,0,0,0
20011206 ,1,0,0,0
20011207 ,0,0,1,0
20011210 ,0,0,0,1
20011211 ,0,0,1,0
20011212 ,1,0,0,0
20011213 ,0,0,0,1
20011214 ,0,1,0,0
20011217 ,0,0,0,1
20011218 ,1,0,0,0
20011219 ,0,1,0,0
20011220 ,0,0,1,0
20011221 ,0,0,1,0
20011225 ,0,0,1,0
20011226 ,0,0,1,0
20011227 ,1,0,0,0
20011228 ,0,1,0,0
20020104 ,1,0,0,0
20020107 ,0,1,0,0
20020108 ,0,0,0,1
20020109 ,0,0,1,0
20020110 ,0,0,0,1
20020111 ,0,0,1,0
20020115 ,0,0,0,1
20020116 ,0,0,1,0
20020117 ,0,0,1,0
20020118 ,1,0,0,0
20020121 ,0,0,1,0
20020122 ,0,0,0,1
20020123 ,0,0,1,0
20020124 ,0,1,0,0
20020125 ,0,1,0,0
20020128 ,0,1,0,0
20020129 ,0,0,0,1
20020130 ,0,0,0,1
20020131 ,0,1,0,0
20020201 ,0,0,0,1
20020204 ,0,0,0,1
20020205 ,0,0,0,1
20020206 ,0,0,1,0
20020207 ,1,0,0,0
20020208 ,1,0,0,0
20020212 ,1,0,0,0
20020213 ,0,1,0,0
20020214 ,1,0,0,0
20020215 ,0,0,1,0
20020218 ,0,1,0,0
20020219 ,0,0,0,1
20020220 ,0,0,1,0
20020221 ,1,0,0,0
20020222 ,0,1,0,0
20020225 ,0,0,1,0
20020226 ,0,0,1,0
20020227 ,1,0,0,0
20020228 ,0,1,0,0
20020301 ,1,0,0,0
20020304 ,1,0,0,0
20020305 ,0,0,1,0
20020306 ,0,1,0,0
20020307 ,1,0,0,0
20020308 ,1,0,0,0
20020311 ,0,1,0,0
20020312 ,0,0,0,1
20020313 ,0,0,0,1
20020314 ,1,0,0,0
20020315 ,0,1,0,0
20020318 ,0,0,0,1
20020319 ,1,0,0,0
20020320 ,0,0,0,1
20020322 ,0,0,0,1
20020325 ,0,0,1,0
20020326 ,0,0,1,0
20020327 ,1,0,0,0
20020328 ,0,1,0,0
20020329 ,0,0,0,1
20020401 ,0,1,0,0
20020402 ,1,0,0,0
20020403 ,1,0,0,0
20020404 ,0,0,1,0
20020405 ,0,0,1,0
20020408 ,0,1,0,0
20020409 ,0,0,0,1
20020410 ,0,1,0,0
20020411 ,0,0,1,0
20020412 ,0,0,0,1
20020415 ,1,0,0,0
20020416 ,1,0,0,0
20020417 ,1,0,0,0
20020418 ,0,1,0,0
20020419 ,0,0,1,0
20020422 ,1,0,0,0
20020423 ,0,1,0,0
20020424 ,0,0,1,0
20020425 ,0,0,1,0
20020426 ,0,0,1,0
20020430 ,0,0,1,0
20020501 ,0,1,0,0
20020502 ,0,0,1,0
20020507 ,0,0,0,1
20020508 ,1,0,0,0
20020509 ,0,1,0,0
20020510 ,0,0,1,0
20020513 ,0,0,0,1
20020514 ,0,1,0,0
20020515 ,1,0,0,0
20020516 ,0,1,0,0
20020517 ,0,1,0,0
20020520 ,0,1,0,0
20020521 ,0,0,1,0
20020522 ,1,0,0,0
20020523 ,0,1,0,0
20020524 ,0,0,1,0
20020527 ,0,1,0,0
20020528 ,0,0,1,0
20020529 ,0,0,1,0
20020530 ,0,0,1,0
20020531 ,0,0,1,0
20020603 ,1,0,0,0
20020604 ,0,0,0,1
20020605 ,0,1,0,0
20020606 ,0,0,1,0
20020607 ,0,0,0,1
20020610 ,0,0,1,0
20020611 ,0,1,0,0
20020612 ,0,0,0,1
20020613 ,0,0,0,1
20020614 ,0,0,0,1
20020617 ,0,0,0,1
20020618 ,1,0,0,0
20020619 ,0,0,0,1
20020620 ,1,0,0,0
20020621 ,0,0,0,1
20020624 ,1,0,0,0
20020625 ,0,1,0,0
20020626 ,0,0,0,1
20020627 ,1,0,0,0
20020628 ,1,0,0,0
20020701 ,0,0,1,0
20020702 ,0,1,0,0
20020703 ,1,0,0,0
20020704 ,0,0,0,1
20020705 ,1,0,0,0
20020708 ,0,0,1,0
20020709 ,1,0,0,0
20020710 ,0,0,0,1
20020711 ,0,0,0,1
20020712 ,1,0,0,0
20020715 ,0,0,0,1
20020716 ,0,0,0,1
20020717 ,0,1,0,0
20020718 ,1,0,0,0
20020719 ,0,0,0,1
20020722 ,0,0,1,0
20020723 ,0,1,0,0
20020724 ,0,0,0,1
20020725 ,0,0,1,0
20020726 ,0,0,0,1
20020729 ,0,1,0,0
20020730 ,1,0,0,0
20020731 ,0,0,0,1
20020801 ,0,0,1,0
20020802 ,0,0,1,0
20020805 ,0,0,1,0
20020806 ,0,0,0,1
20020807 ,1,0,0,0
20020808 ,0,0,1,0
20020809 ,1,0,0,0
20020812 ,0,0,0,1
20020813 ,0,0,1,0
20020814 ,0,0,1,0
20020815 ,1,0,0,0
20020816 ,0,0,1,0
20020819 ,0,0,0,1
20020820 ,0,1,0,0
20020821 ,0,1,0,0
20020822 ,1,0,0,0
20020823 ,0,1,0,0
20020826 ,1,0,0,0
20020827 ,0,0,0,1
20020828 ,0,0,0,1
20020829 ,0,0,0,1
20020830 ,0,0,1,0
20020902 ,0,0,0,1
20020903 ,0,0,0,1
20020904 ,0,0,0,1
20020905 ,1,0,0,0
20020906 ,0,0,0,1
20020909 ,1,0,0,0
20020910 ,0,1,0,0
20020911 ,0,1,0,0
20020912 ,0,1,0,0
20020913 ,0,0,0,1
20020917 ,1,0,0,0
20020918 ,0,0,1,0
20020919 ,1,0,0,0
20020920 ,0,0,0,1
20020924 ,0,0,0,1
20020925 ,0,0,0,1
20020926 ,1,0,0,0
20020927 ,1,0,0,0
20020930 ,0,0,0,1
20021001 ,0,0,0,1
20021002 ,0,0,0,1
20021003 ,0,0,0,1
20021004 ,1,0,0,0
20021007 ,0,0,0,1
20021008 ,0,1,0,0
20021009 ,0,0,0,1
20021010 ,0,0,0,1
20021011 ,1,0,0,0
20021015 ,1,0,0,0
20021016 ,0,1,0,0
20021017 ,0,1,0,0
20021018 ,1,0,0,0
20021021 ,0,0,0,1
20021022 ,0,0,0,1
20021023 ,0,1,0,0
20021024 ,0,0,0,1
20021025 ,1,0,0,0
20021028 ,0,1,0,0
20021029 ,0,0,1,0
20021030 ,0,1,0,0
20021031 ,0,0,0,1
20021101 ,0,1,0,0
20021105 ,1,0,0,0
20021106 ,0,1,0,0
20021107 ,0,0,1,0
20021108 ,0,0,0,1
20021111 ,0,0,0,1
20021112 ,0,1,0,0
20021113 ,0,0,1,0
20021114 ,0,0,0,1
20021115 ,1,0,0,0
20021118 ,0,0,0,1
20021119 ,0,1,0,0
20021120 ,1,0,0,0
20021121 ,1,0,0,0
20021122 ,1,0,0,0
20021125 ,1,0,0,0
20021126 ,0,0,0,1
20021127 ,0,1,0,0
20021128 ,1,0,0,0
20021129 ,0,1,0,0
20021202 ,0,0,1,0
20021203 ,0,1,0,0
20021204 ,0,0,0,1
20021205 ,0,0,1,0
20021206 ,0,0,1,0
20021209 ,0,0,1,0
20021210 ,0,0,1,0
20021211 ,0,0,1,0
20021212 ,0,0,1,0
20021213 ,0,0,0,1
20021216 ,0,0,1,0
20021217 ,0,1,0,0
20021218 ,0,0,0,1
20021219 ,0,1,0,0
20021220 ,0,1,0,0
20021224 ,1,0,0,0
20021225 ,0,0,1,0
20021226 ,1,0,0,0
20021227 ,0,1,0,0
20021230 ,0,0,0,1
20030106 ,1,0,0,0
20030107 ,0,0,1,0
20030108 ,0,0,0,1
20030109 ,0,0,1,0
20030110 ,0,0,1,0
20030114 ,0,1,0,0
20030115 ,0,1,0,0
20030116 ,0,0,1,0
20030117 ,0,1,0,0
20030120 ,0,0,0,1
20030121 ,1,0,0,0
20030122 ,0,0,0,1
20030123 ,1,0,0,0
20030124 ,0,0,1,0
20030127 ,0,0,0,1
20030128 ,0,0,1,0
20030129 ,0,0,0,1
20030130 ,0,0,1,0
20030131 ,0,1,0,0
20030203 ,1,0,0,0
20030204 ,0,0,1,0
20030205 ,0,1,0,0
20030206 ,0,0,1,0
20030207 ,0,0,1,0
20030210 ,0,1,0,0
20030212 ,1,0,0,0
20030213 ,0,0,1,0
20030214 ,1,0,0,0
20030217 ,0,1,0,0
20030218 ,0,0,1,0
20030219 ,0,0,1,0
20030220 ,0,0,1,0
20030221 ,0,0,0,1
20030224 ,0,1,0,0
20030225 ,0,0,0,1
20030226 ,0,0,1,0
20030227 ,0,1,0,0
20030228 ,0,1,0,0
20030303 ,1,0,0,0
20030304 ,0,0,1,0
20030305 ,0,0,1,0
20030306 ,0,0,0,1
20030307 ,0,0,0,1
20030310 ,0,0,0,1
20030311 ,0,0,0,1
20030312 ,1,0,0,0
20030313 ,0,0,1,0
20030314 ,1,0,0,0
20030317 ,0,0,0,1
20030318 ,1,0,0,0
20030319 ,1,0,0,0
20030320 ,1,0,0,0
20030324 ,1,0,0,0
20030325 ,0,0,0,1
20030326 ,1,0,0,0
20030327 ,0,1,0,0
20030328 ,0,0,0,1
20030331 ,0,0,0,1
20030401 ,0,1,0,0
20030402 ,1,0,0,0
20030403 ,0,0,1,0
20030404 ,0,1,0,0
20030407 ,1,0,0,0
20030408 ,0,0,0,1
20030409 ,0,0,1,0
20030410 ,0,0,1,0
20030411 ,0,0,0,1
20030414 ,0,0,1,0
20030415 ,1,0,0,0
20030416 ,0,1,0,0
20030417 ,0,0,1,0
20030418 ,0,1,0,0
20030421 ,1,0,0,0
20030422 ,0,0,0,1
20030423 ,0,1,0,0
20030424 ,0,1,0,0
20030425 ,0,0,0,1
20030428 ,0,0,0,1
20030430 ,1,0,0,0
20030501 ,0,1,0,0
20030502 ,0,1,0,0
20030506 ,1,0,0,0
20030507 ,0,1,0,0
20030508 ,0,0,1,0
20030509 ,1,0,0,0
20030512 ,0,1,0,0
20030513 ,0,0,1,0
20030514 ,0,1,0,0
20030515 ,0,0,0,1
20030516 ,0,0,1,0
20030519 ,0,0,1,0
20030520 ,0,1,0,0
20030521 ,0,0,1,0
20030522 ,0,1,0,0
20030523 ,1,0,0,0
20030526 ,0,1,0,0
20030527 ,0,0,0,1
20030528 ,1,0,0,0
20030529 ,1,0,0,0
20030530 ,0,1,0,0
20030602 ,1,0,0,0
20030603 ,0,1,0,0
20030604 ,0,0,1,0
20030605 ,1,0,0,0
20030606 ,1,0,0,0
20030609 ,0,1,0,0
20030610 ,0,0,1,0
20030611 ,1,0,0,0
20030612 ,0,1,0,0
20030613 ,0,1,0,0
20030616 ,0,0,0,1
20030617 ,1,0,0,0
20030618 ,0,1,0,0
20030619 ,0,1,0,0
20030620 ,0,1,0,0
20030623 ,0,1,0,0
20030624 ,0,0,0,1
20030625 ,0,1,0,0
20030626 ,0,0,1,0
20030627 ,1,0,0,0
20030630 ,0,0,1,0
20030701 ,1,0,0,0
20030702 ,1,0,0,0
20030703 ,0,1,0,0
20030704 ,0,0,1,0
20030707 ,1,0,0,0
20030708 ,1,0,0,0
20030709 ,0,1,0,0
20030710 ,0,0,1,0
20030711 ,0,0,0,1
20030714 ,1,0,0,0
20030715 ,0,0,1,0
20030716 ,0,0,1,0
20030717 ,0,0,0,1
20030718 ,0,1,0,0
20030722 ,0,0,1,0
20030723 ,1,0,0,0
20030724 ,0,1,0,0
20030725 ,0,0,1,0
20030728 ,1,0,0,0
20030729 ,0,0,1,0
20030730 ,0,0,0,1
20030731 ,0,0,1,0
20030801 ,0,1,0,0
20030804 ,0,0,0,1
20030805 ,0,0,1,0
20030806 ,0,0,1,0
20030807 ,0,0,1,0
20030808 ,0,1,0,0
20030811 ,1,0,0,0
20030812 ,0,1,0,0
20030813 ,1,0,0,0
20030814 ,1,0,0,0
20030815 ,0,0,1,0
20030818 ,1,0,0,0
20030819 ,1,0,0,0
20030820 ,1,0,0,0
20030821 ,0,1,0,0
20030822 ,0,0,1,0
20030825 ,0,0,1,0
20030826 ,0,1,0,0
20030827 ,0,0,1,0
20030828 ,0,0,1,0
20030829 ,1,0,0,0
20030901 ,1,0,0,0
20030902 ,0,1,0,0
20030903 ,0,1,0,0
20030904 ,0,0,1,0
20030905 ,0,1,0,0
20030908 ,0,1,0,0
20030909 ,1,0,0,0
20030910 ,0,0,1,0
20030911 ,0,0,0,1
20030912 ,1,0,0,0
20030916 ,1,0,0,0
20030917 ,0,1,0,0
20030918 ,0,1,0,0
20030919 ,0,0,1,0
20030922 ,0,0,0,1
20030924 ,0,1,0,0
20030925 ,0,0,0,1
20030926 ,0,1,0,0
20030929 ,0,0,1,0
20030930 ,0,0,1,0
20031001 ,1,0,0,0
20031002 ,1,0,0,0
20031003 ,1,0,0,0
20031006 ,0,1,0,0
20031007 ,0,1,0,0
20031008 ,0,0,0,1
20031009 ,0,0,1,0
20031010 ,1,0,0,0
20031014 ,1,0,0,0
20031015 ,0,0,1,0
20031016 ,1,0,0,0
20031017 ,0,1,0,0
20031020 ,1,0,0,0
20031021 ,0,0,0,1
20031022 ,0,0,0,1
20031023 ,0,0,0,1
20031024 ,0,1,0,0
20031027 ,1,0,0,0
20031028 ,1,0,0,0
20031029 ,1,0,0,0
20031030 ,0,0,1,0
20031031 ,0,0,0,1
20031104 ,1,0,0,0
20031105 ,0,0,1,0
20031106 ,0,0,0,1
20031107 ,0,1,0,0
20031110 ,0,0,0,1
20031111 ,0,0,0,1
20031112 ,0,1,0,0
20031113 ,1,0,0,0
20031114 ,0,0,0,1
20031117 ,0,0,0,1
20031118 ,1,0,0,0
20031119 ,0,0,0,1
20031120 ,1,0,0,0
20031121 ,0,0,1,0
20031125 ,1,0,0,0
20031126 ,1,0,0,0
20031127 ,0,1,0,0
20031128 ,0,0,1,0
20031201 ,1,0,0,0
20031202 ,0,1,0,0
20031203 ,0,0,1,0
20031204 ,0,1,0,0
20031205 ,0,0,1,0
20031208 ,0,0,0,1
20031209 ,0,1,0,0
20031210 ,0,0,0,1
20031211 ,1,0,0,0
20031212 ,0,1,0,0
20031215 ,1,0,0,0
20031216 ,0,0,0,1
20031217 ,0,0,0,1
20031218 ,0,1,0,0
20031219 ,1,0,0,0
20031222 ,0,1,0,0
20031224 ,0,0,1,0
20031225 ,0,0,1,0
20031226 ,0,1,0,0
20031229 ,0,1,0,0
20031230 ,1,0,0,0
20040105 ,1,0,0,0
20040106 ,0,0,1,0
20040107 ,0,0,1,0
20040108 ,0,1,0,0
20040109 ,1,0,0,0
20040113 ,0,0,0,1
20040114 ,0,1,0,0
20040115 ,0,0,0,1
20040116 ,1,0,0,0
20040119 ,1,0,0,0
20040120 ,0,1,0,0
20040121 ,0,0,1,0
20040122 ,0,0,1,0
20040123 ,0,1,0,0
20040126 ,0,0,1,0
20040127 ,0,0,1,0
20040128 ,0,0,1,0
20040129 ,0,0,1,0
20040130 ,0,1,0,0
20040202 ,0,0,1,0
20040203 ,0,0,0,1
20040204 ,0,0,0,1
20040205 ,0,1,0,0
20040206 ,0,0,1,0
20040209 ,0,0,1,0
20040210 ,0,0,1,0
20040212 ,0,1,0,0
20040213 ,0,1,0,0
20040216 ,0,0,1,0
20040217 ,1,0,0,0
20040218 ,0,0,1,0
20040219 ,0,1,0,0
20040220 ,0,0,1,0
20040223 ,1,0,0,0
20040224 ,0,0,0,1
20040225 ,0,1,0,0
20040226 ,1,0,0,0
20040227 ,1,0,0,0
20040301 ,1,0,0,0
20040302 ,0,1,0,0
20040303 ,0,0,1,0
20040304 ,0,1,0,0
20040305 ,1,0,0,0
20040308 ,0,0,1,0
20040309 ,0,1,0,0
20040310 ,0,0,1,0
20040311 ,0,0,0,1
20040312 ,0,0,0,1
20040315 ,1,0,0,0
20040316 ,0,0,1,0
20040317 ,1,0,0,0
20040318 ,0,1,0,0
20040319 ,0,0,1,0
20040322 ,0,0,1,0
20040323 ,0,0,1,0
20040324 ,0,1,0,0
20040325 ,1,0,0,0
20040326 ,1,0,0,0
20040329 ,0,0,1,0
20040330 ,0,0,1,0
20040331 ,0,1,0,0
20040401 ,0,0,1,0
20040402 ,1,0,0,0
20040405 ,1,0,0,0
20040406 ,1,0,0,0
20040407 ,0,0,1,0
20040408 ,0,1,0,0
20040409 ,0,0,0,1
20040412 ,1,0,0,0
20040413 ,0,1,0,0
20040414 ,0,0,1,0
20040415 ,0,0,0,1
20040416 ,0,1,0,0
20040419 ,0,0,1,0
20040420 ,1,0,0,0
20040421 ,0,0,1,0
20040422 ,0,1,0,0
20040423 ,1,0,0,0
20040426 ,0,1,0,0
20040427 ,0,0,1,0
20040428 ,0,0,1,0
20040430 ,0,0,0,1
20040506 ,0,0,0,1
20040507 ,0,0,0,1
20040510 ,0,0,0,1
20040511 ,0,1,0,0
20040512 ,1,0,0,0
20040513 ,0,0,0,1
20040514 ,0,1,0,0
20040517 ,0,0,0,1
20040518 ,1,0,0,0
20040519 ,1,0,0,0
20040520 ,0,0,1,0
20040521 ,1,0,0,0
20040524 ,0,1,0,0
20040525 ,0,0,0,1
20040526 ,1,0,0,0
20040527 ,0,1,0,0
20040528 ,1,0,0,0
20040531 ,0,0,1,0
20040601 ,0,1,0,0
20040602 ,0,0,1,0
20040603 ,0,0,0,1
20040604 ,0,1,0,0
20040607 ,1,0,0,0
20040608 ,0,1,0,0
20040609 ,0,0,1,0
20040610 ,1,0,0,0
20040611 ,0,0,1,0
20040614 ,0,0,1,0
20040615 ,0,0,1,0
20040616 ,1,0,0,0
20040617 ,0,0,1,0
20040618 ,0,0,0,1
20040621 ,1,0,0,0
20040622 ,0,0,1,0
20040623 ,0,0,1,0
20040624 ,1,0,0,0
20040625 ,0,1,0,0
20040628 ,0,1,0,0
20040629 ,0,0,1,0
20040630 ,0,0,1,0
20040701 ,0,1,0,0
20040702 ,0,0,0,1
20040705 ,0,0,0,1
20040706 ,0,0,1,0
20040707 ,0,0,1,0
20040708 ,0,0,1,0
20040709 ,0,1,0,0
20040712 ,1,0,0,0
20040713 ,0,1,0,0
20040714 ,0,0,0,1
20040715 ,0,1,0,0
20040716 ,0,1,0,0
20040720 ,0,0,0,1
20040721 ,1,0,0,0
20040722 ,0,0,0,1
20040723 ,0,0,1,0
20040726 ,0,0,1,0
20040727 ,0,0,0,1
20040728 ,1,0,0,0
20040729 ,0,0,1,0
20040730 ,1,0,0,0
20040802 ,0,0,1,0
20040803 ,0,0,1,0
20040804 ,0,0,0,1
20040805 ,0,1,0,0
20040806 ,0,0,1,0
20040809 ,0,0,1,0
20040810 ,0,1,0,0
20040811 ,0,1,0,0
20040812 ,0,0,1,0
20040813 ,0,0,0,1
20040816 ,0,0,1,0
20040817 ,0,1,0,0
20040818 ,0,1,0,0
20040819 ,1,0,0,0
20040820 ,0,0,1,0
20040823 ,0,1,0,0
20040824 ,0,1,0,0
20040825 ,1,0,0,0
20040826 ,0,0,1,0
20040827 ,0,1,0,0
20040830 ,0,0,1,0
20040831 ,0,0,1,0
20040901 ,0,1,0,0
20040902 ,0,1,0,0
20040903 ,0,0,0,1
20040906 ,1,0,0,0
20040907 ,0,1,0,0
20040908 ,0,0,1,0
20040909 ,0,0,1,0
20040910 ,0,0,1,0
20040913 ,1,0,0,0
20040914 ,0,1,0,0
20040915 ,0,0,0,1
20040916 ,0,0,1,0
20040917 ,0,0,1,0
20040921 ,0,0,1,0
20040922 ,0,0,1,0
20040924 ,0,0,0,1
20040927 ,0,0,1,0
20040928 ,0,0,1,0
20040929 ,0,0,1,0
20040930 ,0,1,0,0
20041001 ,1,0,0,0
20041004 ,1,0,0,0
20041005 ,0,1,0,0
20041006 ,0,1,0,0
20041007 ,0,0,1,0
20041008 ,0,0,1,0
20041012 ,0,0,0,1
20041013 ,0,0,1,0
20041014 ,0,0,0,1
20041015 ,0,0,1,0
20041018 ,0,0,1,0
20041019 ,0,1,0,0
20041020 ,0,0,0,1
20041021 ,0,0,1,0
20041022 ,0,1,0,0
20041025 ,0,0,0,1
20041026 ,0,1,0,0
20041027 ,0,1,0,0
20041028 ,1,0,0,0
20041029 ,0,0,1,0
20041101 ,0,0,1,0
20041102 ,1,0,0,0
20041104 ,0,1,0,0
20041105 ,1,0,0,0
20041108 ,0,0,1,0
20041109 ,0,0,1,0
20041110 ,0,1,0,0
20041111 ,0,0,0,1
20041112 ,1,0,0,0
20041115 ,1,0,0,0
20041116 ,0,0,1,0
20041117 ,0,0,1,0
20041118 ,0,0,1,0
20041119 ,0,1,0,0
20041122 ,0,0,0,1
20041124 ,0,1,0,0
20041125 ,0,1,0,0
20041126 ,0,0,1,0
20041129 ,1,0,0,0
20041130 ,0,0,1,0
20041201 ,0,0,0,1
20041202 ,1,0,0,0
20041203 ,0,1,0,0
20041206 ,0,0,1,0
20041207 ,0,0,1,0
20041208 ,0,1,0,0
20041209 ,0,0,0,1
20041210 ,0,0,1,0
20041213 ,0,1,0,0
20041214 ,1,0,0,0
20041215 ,0,1,0,0
20041216 ,0,0,1,0
20041217 ,1,0,0,0
20041220 ,0,1,0,0
20041221 ,0,1,0,0
20041222 ,0,1,0,0
20041224 ,1,0,0,0
20041227 ,0,0,1,0
20041228 ,0,1,0,0
20041229 ,0,0,1,0
20041230 ,0,1,0,0
20050104 ,0,1,0,0
20050105 ,0,0,1,0
20050106 ,0,1,0,0
20050107 ,0,0,1,0
20050111 ,0,1,0,0
20050112 ,0,0,1,0
20050113 ,0,0,1,0
20050114 ,0,1,0,0
20050117 ,0,1,0,0
20050118 ,0,0,1,0
20050119 ,0,0,1,0
20050120 ,0,0,0,1
20050121 ,0,0,1,0
20050124 ,0,1,0,0
20050125 ,0,0,1,0
20050126 ,0,1,0,0
20050127 ,0,0,1,0
20050128 ,0,0,1,0
20050131 ,0,1,0,0
20050201 ,0,0,1,0
20050202 ,0,1,0,0
20050203 ,0,0,1,0
20050204 ,0,0,1,0
20050207 ,1,0,0,0
20050208 ,0,0,1,0
20050209 ,0,0,1,0
20050210 ,0,1,0,0
20050214 ,0,1,0,0
20050215 ,0,1,0,0
20050216 ,0,0,1,0
20050217 ,0,0,1,0
20050218 ,0,1,0,0
20050221 ,0,0,1,0
20050222 ,0,0,1,0
20050223 ,0,0,1,0
20050224 ,0,1,0,0
20050225 ,1,0,0,0
20050228 ,0,1,0,0
20050301 ,0,1,0,0
20050302 ,0,1,0,0
20050303 ,0,1,0,0
20050304 ,0,1,0,0
20050307 ,0,1,0,0
20050308 ,0,0,1,0
20050309 ,0,1,0,0
20050310 ,0,0,1,0
20050311 ,0,1,0,0
20050314 ,0,0,1,0
20050315 ,0,0,1,0
20050316 ,0,1,0,0
20050317 ,0,0,1,0
20050318 ,0,1,0,0
20050322 ,0,0,1,0
20050323 ,0,0,1,0
20050324 ,0,1,0,0
20050325 ,0,1,0,0
20050328 ,0,1,0,0
20050329 ,0,0,0,1
20050330 ,0,0,1,0
20050331 ,0,1,0,0
20050401 ,0,1,0,0
20050404 ,0,0,1,0
20050405 ,0,1,0,0
20050406 ,0,1,0,0
20050407 ,0,0,1,0
20050408 ,0,1,0,0
20050411 ,0,0,0,1
20050412 ,0,0,1,0
20050413 ,0,0,1,0
20050414 ,0,0,1,0
20050415 ,0,0,0,1
20050418 ,0,0,0,1
20050419 ,1,0,0,0
20050420 ,0,1,0,0
20050421 ,0,0,1,0
20050422 ,0,1,0,0
20050425 ,0,1,0,0
20050426 ,0,0,1,0
20050427 ,0,0,1,0
20050428 ,0,1,0,0
20050502 ,0,0,1,0
20050506 ,1,0,0,0
20050509 ,0,0,1,0
20050510 ,0,0,1,0
20050511 ,0,0,1,0
20050512 ,0,0,1,0
20050513 ,0,0,1,0
20050516 ,0,0,1,0
20050517 ,0,0,0,1
20050518 ,0,1,0,0
20050519 ,1,0,0,0
20050520 ,0,0,1,0
20050523 ,1,0,0,0
20050524 ,0,0,1,0
20050525 ,0,0,0,1
20050526 ,0,1,0,0
20050527 ,1,0,0,0
20050530 ,0,1,0,0
20050531 ,0,1,0,0
20050601 ,0,1,0,0
20050602 ,0,0,1,0
20050603 ,0,1,0,0
20050606 ,0,0,1,0
20050607 ,0,0,1,0
20050608 ,0,1,0,0
20050609 ,0,0,0,1
20050610 ,1,0,0,0
20050613 ,0,1,0,0
20050614 ,0,1,0,0
20050615 ,0,1,0,0
20050616 ,0,1,0,0
20050617 ,0,1,0,0
20050620 ,0,0,1,0
20050621 ,0,1,0,0
20050622 ,0,1,0,0
20050623 ,0,1,0,0
20050624 ,0,0,1,0
20050627 ,0,0,0,1
20050628 ,0,1,0,0
20050629 ,0,1,0,0
20050630 ,0,1,0,0
20050701 ,0,1,0,0
20050704 ,0,1,0,0
20050705 ,0,0,1,0
20050706 ,0,0,1,0
20050707 ,0,0,1,0
20050708 ,0,0,1,0
20050711 ,0,1,0,0
20050712 ,0,1,0,0
20050713 ,0,0,1,0
20050714 ,0,1,0,0
20050715 ,0,0,1,0
20050719 ,0,1,0,0
20050720 ,0,1,0,0
20050721 ,0,0,1,0
20050722 ,0,0,1,0
20050725 ,0,1,0,0
20050726 ,0,0,1,0
20050727 ,0,1,0,0
20050728 ,0,1,0,0
20050729 ,0,1,0,0
20050801 ,0,1,0,0
20050802 ,0,0,1,0
20050803 ,0,1,0,0
20050804 ,0,0,1,0
20050805 ,0,0,1,0
20050808 ,0,1,0,0
20050809 ,1,0,0,0
20050810 ,1,0,0,0
20050811 ,1,0,0,0
20050812 ,0,0,1,0
20050815 ,0,0,1,0
20050816 ,0,1,0,0
20050817 ,0,0,1,0
20050818 ,0,1,0,0
20050819 ,0,0,1,0
20050822 ,1,0,0,0
20050823 ,0,1,0,0
20050824 ,0,1,0,0
20050825 ,0,0,1,0
20050826 ,0,1,0,0
20050829 ,0,0,0,1
20050830 ,1,0,0,0
20050831 ,0,0,1,0
20050901 ,0,1,0,0
20050902 ,0,1,0,0
20050905 ,0,1,0,0
20050906 ,0,0,1,0
20050907 ,0,1,0,0
20050908 ,0,0,1,0
20050909 ,1,0,0,0
20050912 ,1,0,0,0
20050913 ,0,1,0,0
20050914 ,0,0,1,0
20050915 ,1,0,0,0
20050916 ,0,0,1,0
20050920 ,1,0,0,0
20050921 ,0,1,0,0
20050922 ,0,0,1,0
20050926 ,1,0,0,0
20050927 ,0,0,1,0
20050928 ,0,1,0,0
20050929 ,1,0,0,0
20050930 ,0,0,1,0
20051003 ,0,0,1,0
20051004 ,1,0,0,0
20051005 ,0,0,1,0
20051006 ,0,0,0,1
20051007 ,0,0,1,0
20051011 ,1,0,0,0
20051012 ,0,0,1,0
20051013 ,0,0,1,0
20051014 ,0,0,1,0
20051017 ,0,0,1,0
20051018 ,0,0,1,0
20051019 ,0,0,0,1
20051020 ,0,1,0,0
20051021 ,0,1,0,0
20051024 ,0,0,1,0
20051025 ,1,0,0,0
20051026 ,0,1,0,0
20051027 ,0,1,0,0
20051028 ,0,0,1,0
20051031 ,1,0,0,0
20051101 ,1,0,0,0
20051102 ,0,1,0,0
20051104 ,1,0,0,0
20051107 ,0,0,1,0
20051108 ,0,0,1,0
20051109 ,0,1,0,0
20051110 ,0,1,0,0
20051111 ,0,1,0,0
20051114 ,0,0,1,0
20051115 ,0,0,1,0
20051116 ,0,1,0,0
20051117 ,1,0,0,0
20051118 ,1,0,0,0
20051121 ,0,1,0,0
20051122 ,0,1,0,0
20051124 ,0,1,0,0
20051125 ,0,1,0,0
20051128 ,1,0,0,0
20051129 ,0,0,1,0
20051130 ,0,0,1,0
20051201 ,1,0,0,0
20051202 ,1,0,0,0
20051205 ,0,1,0,0
20051206 ,0,0,1,0
20051207 ,0,1,0,0
20051208 ,0,0,0,1
20051209 ,1,0,0,0
20051212 ,1,0,0,0
20051213 ,0,1,0,0
20051214 ,0,0,0,1
20051215 ,0,0,0,1
20051216 ,0,0,1,0
20051219 ,1,0,0,0
20051220 ,1,0,0,0
20051221 ,1,0,0,0
20051222 ,0,0,1,0
20051226 ,1,0,0,0
20051227 ,0,0,1,0
20051228 ,1,0,0,0
20051229 ,0,1,0,0
20051230 ,0,0,0,1
20060104 ,1,0,0,0
20060105 ,0,1,0,0
20060106 ,0,1,0,0
20060110 ,0,0,0,1
20060111 ,1,0,0,0
20060112 ,0,1,0,0
20060113 ,0,1,0,0
20060116 ,0,0,0,1
20060117 ,0,0,0,1
20060118 ,0,0,0,1
20060119 ,1,0,0,0
20060120 ,0,1,0,0
20060123 ,0,0,0,1
20060124 ,1,0,0,0
20060125 ,0,1,0,0
20060126 ,1,0,0,0
20060127 ,1,0,0,0
20060130 ,0,1,0,0
20060131 ,0,1,0,0
20060201 ,0,0,0,1
20060202 ,1,0,0,0
20060203 ,0,0,1,0
20060206 ,0,1,0,0
20060207 ,0,0,1,0
20060208 ,0,0,0,1
20060209 ,1,0,0,0
20060210 ,0,0,0,1
20060213 ,0,0,0,1
20060214 ,1,0,0,0
20060215 ,0,0,0,1
20060216 ,0,1,0,0
20060217 ,0,0,0,1
20060220 ,0,0,0,1
20060221 ,1,0,0,0
20060222 ,0,0,1,0
20060223 ,1,0,0,0
20060224 ,0,1,0,0
20060227 ,0,1,0,0
20060228 ,0,1,0,0
20060301 ,0,0,0,1
20060302 ,0,0,1,0
20060303 ,0,0,0,1
20060306 ,1,0,0,0
20060307 ,0,0,0,1
20060308 ,0,0,1,0
20060309 ,1,0,0,0
20060310 ,0,1,0,0
20060313 ,1,0,0,0
20060314 ,0,0,1,0
20060315 ,0,1,0,0
20060316 ,0,0,0,1
20060317 ,1,0,0,0
20060320 ,1,0,0,0
20060322 ,0,0,1,0
20060323 ,0,0,1,0
20060324 ,0,1,0,0
20060327 ,0,1,0,0
20060328 ,0,1,0,0
20060329 ,1,0,0,0
20060330 ,0,1,0,0
20060331 ,0,1,0,0
20060403 ,1,0,0,0
20060404 ,0,0,1,0
20060405 ,0,0,1,0
20060406 ,1,0,0,0
20060407 ,0,1,0,0
20060410 ,0,0,1,0
20060411 ,0,0,1,0
20060412 ,0,0,0,1
20060413 ,0,1,0,0
20060414 ,0,1,0,0
20060417 ,0,0,0,1
20060418 ,1,0,0,0
20060419 ,0,1,0,0
20060420 ,0,0,1,0
20060421 ,0,1,0,0
20060424 ,0,0,0,1
20060425 ,0,1,0,0
20060426 ,0,1,0,0
20060427 ,0,1,0,0
20060428 ,0,0,0,1
20060501 ,0,1,0,0
20060502 ,1,0,0,0
20060508 ,0,1,0,0
20060509 ,0,0,1,0
20060510 ,0,0,0,1
20060511 ,0,0,1,0
20060512 ,0,0,0,1
20060515 ,0,0,1,0
20060516 ,0,0,0,1
20060517 ,0,1,0,0
20060518 ,0,0,0,1
20060519 ,0,1,0,0
20060522 ,0,0,0,1
20060523 ,0,0,0,1
20060524 ,1,0,0,0
20060525 ,0,0,0,1
20060526 ,1,0,0,0
20060529 ,0,0,1,0
20060530 ,0,0,1,0
20060531 ,0,0,0,1
20060601 ,0,1,0,0
20060602 ,1,0,0,0
20060605 ,0,0,1,0
20060606 ,0,0,0,1
20060607 ,0,0,0,1
20060608 ,0,0,0,1
20060609 ,0,1,0,0
20060612 ,0,1,0,0
20060613 ,0,0,0,1
20060614 ,0,1,0,0
20060615 ,1,0,0,0
20060616 ,1,0,0,0
20060619 ,0,0,1,0
20060620 ,0,0,0,1
20060621 ,0,0,1,0
20060622 ,1,0,0,0
20060623 ,0,0,1,0
20060626 ,0,1,0,0
20060627 ,0,1,0,0
20060628 ,0,0,0,1
20060629 ,1,0,0,0
20060630 ,1,0,0,0
20060703 ,0,1,0,0
20060704 ,0,1,0,0
20060705 ,0,0,1,0
20060706 ,0,0,0,1
20060707 ,0,0,1,0
20060710 ,1,0,0,0
20060711 ,0,0,1,0
20060712 ,0,0,0,1
20060713 ,0,0,1,0
20060714 ,0,0,0,1
20060718 ,0,0,0,1
20060719 ,0,1,0,0
20060720 ,1,0,0,0
20060721 ,0,0,1,0
20060724 ,0,0,1,0
20060725 ,1,0,0,0
20060726 ,0,0,1,0
20060727 ,1,0,0,0
20060728 ,1,0,0,0
20060731 ,0,1,0,0
20060801 ,0,0,1,0
20060802 ,0,1,0,0
20060803 ,0,1,0,0
20060804 ,0,1,0,0
20060807 ,0,0,0,1
20060808 ,1,0,0,0
20060809 ,1,0,0,0
20060810 ,0,0,1,0
20060811 ,0,0,1,0
20060814 ,1,0,0,0
20060815 ,0,0,1,0
20060816 ,1,0,0,0
20060817 ,0,0,1,0
20060818 ,0,1,0,0
20060821 ,0,0,1,0
20060822 ,1,0,0,0
20060823 ,0,0,1,0
20060824 ,0,0,0,1
20060825 ,0,0,1,0
20060828 ,0,0,0,1
20060829 ,0,1,0,0
20060830 ,0,0,1,0
20060831 ,1,0,0,0
20060901 ,0,0,1,0
20060904 ,1,0,0,0
20060905 ,0,1,0,0
20060906 ,0,0,1,0
20060907 ,0,0,0,1
20060908 ,0,1,0,0
20060911 ,0,0,0,1
20060912 ,0,0,1,0
20060913 ,0,1,0,0
20060914 ,1,0,0,0
20060915 ,0,0,1,0
20060919 ,0,1,0,0
20060920 ,0,0,1,0
20060921 ,0,1,0,0
20060922 ,0,0,0,1
20060925 ,0,0,1,0
20060926 ,0,0,1,0
20060927 ,1,0,0,0
20060928 ,0,1,0,0
20060929 ,0,1,0,0
20061002 ,0,1,0,0
20061003 ,0,0,1,0
20061004 ,0,0,1,0
20061005 ,1,0,0,0
20061006 ,0,0,1,0
20061010 ,0,1,0,0
20061011 ,0,0,1,0
20061012 ,0,0,1,0
20061013 ,1,0,0,0
20061016 ,0,1,0,0
20061017 ,0,0,1,0
20061018 ,0,1,0,0
20061019 ,0,0,1,0
20061020 ,0,1,0,0
20061023 ,0,1,0,0
20061024 ,0,0,1,0
20061025 ,0,0,1,0
20061026 ,0,1,0,0
20061027 ,0,0,1,0
20061030 ,0,0,0,1
20061031 ,0,1,0,0
20061101 ,0,0,1,0
20061102 ,0,0,1,0
20061106 ,0,1,0,0
20061107 ,0,1,0,0
20061108 ,0,0,0,1
20061109 ,0,0,1,0
20061110 ,0,0,1,0
20061113 ,0,0,1,0
20061114 ,1,0,0,0
20061115 ,0,0,1,0
20061116 ,0,0,1,0
20061117 ,0,0,1,0
20061120 ,0,0,0,1
20061121 ,0,1,0,0
20061122 ,1,0,0,0
20061124 ,0,0,0,1
20061127 ,0,1,0,0
20061128 ,0,0,1,0
20061129 ,1,0,0,0
20061130 ,1,0,0,0
20061201 ,0,1,0,0
20061204 ,0,0,1,0
20061205 ,0,0,1,0
20061206 ,0,1,0,0
20061207 ,0,1,0,0
20061208 ,0,0,1,0
20061211 ,0,1,0,0
20061212 ,0,1,0,0
20061213 ,0,1,0,0
20061214 ,0,1,0,0
20061215 ,0,1,0,0
20061218 ,0,1,0,0
20061219 ,0,0,0,1
20061220 ,1,0,0,0
20061221 ,0,1,0,0
20061222 ,0,1,0,0
20061225 ,0,0,1,0
20061226 ,0,1,0,0
20061227 ,0,1,0,0
20061228 ,0,0,1,0
20061229 ,0,1,0,0
20070104 ,0,1,0,0
20070105 ,0,0,0,1
20070109 ,0,1,0,0
20070110 ,0,0,0,1
20070111 ,0,0,1,0
20070112 ,1,0,0,0
20070115 ,0,1,0,0
20070116 ,0,0,1,0
20070117 ,0,1,0,0
20070118 ,0,1,0,0
20070119 ,0,0,1,0
20070122 ,0,1,0,0
20070123 ,0,0,1,0
20070124 ,0,1,0,0
20070125 ,0,0,1,0
20070126 ,0,0,1,0
20070129 ,0,1,0,0
20070130 ,0,1,0,0
20070131 ,0,0,1,0
20070201 ,0,1,0,0
20070202 ,0,1,0,0
20070205 ,0,0,0,1
20070206 ,0,1,0,0
20070207 ,0,0,1,0
20070208 ,0,1,0,0
20070209 ,1,0,0,0
20070213 ,0,1,0,0
20070214 ,0,1,0,0
20070215 ,0,1,0,0
20070216 ,0,0,1,0
20070219 ,0,1,0,0
20070220 ,0,0,1,0
20070221 ,0,0,1,0
20070222 ,1,0,0,0
20070223 ,0,1,0,0
20070226 ,0,1,0,0
20070227 ,0,0,1,0
20070228 ,0,0,0,1
20070301 ,0,0,1,0
20070302 ,0,0,0,1
20070305 ,0,0,0,1
20070306 ,1,0,0,0
20070307 ,0,0,1,0
20070308 ,1,0,0,0
20070309 ,0,1,0,0
20070312 ,0,1,0,0
20070313 ,0,0,1,0
20070314 ,0,0,0,1
20070315 ,1,0,0,0
20070316 ,0,0,1,0
20070319 ,1,0,0,0
20070320 ,0,1,0,0
20070322 ,1,0,0,0
20070323 ,0,1,0,0
20070326 ,0,1,0,0
20070327 ,0,0,1,0
20070328 ,0,0,1,0
20070329 ,0,1,0,0
20070330 ,0,1,0,0
20070402 ,0,0,0,1
20070403 ,1,0,0,0
20070404 ,1,0,0,0
20070405 ,0,0,1,0
20070406 ,0,0,1,0
20070409 ,1,0,0,0
20070410 ,0,0,1,0
20070411 ,0,1,0,0
20070412 ,0,0,1,0
20070413 ,0,0,0,1
20070416 ,1,0,0,0
20070417 ,0,0,1,0
20070418 ,0,1,0,0
20070419 ,0,0,0,1
20070420 ,0,1,0,0
20070423 ,0,1,0,0
20070424 ,0,0,1,0
20070425 ,0,0,0,1
20070426 ,1,0,0,0
20070427 ,0,0,1,0
20070501 ,0,0,1,0
20070502 ,0,1,0,0
20070507 ,1,0,0,0
20070508 ,0,0,1,0
20070509 ,0,1,0,0
20070510 ,0,0,1,0
20070511 ,0,0,0,1
20070514 ,0,1,0,0
20070515 ,0,0,1,0
20070516 ,0,1,0,0
20070517 ,0,0,1,0
20070518 ,0,0,1,0
20070521 ,0,1,0,0
20070522 ,0,1,0,0
20070523 ,0,1,0,0
20070524 ,0,0,1,0
20070525 ,0,0,0,1
20070528 ,0,1,0,0
20070529 ,0,1,0,0
20070530 ,0,0,1,0
20070531 ,1,0,0,0
20070601 ,0,1,0,0
20070604 ,0,1,0,0
20070605 ,0,1,0,0
20070606 ,0,0,1,0
20070607 ,0,1,0,0
20070608 ,0,0,0,1
20070611 ,0,1,0,0
20070612 ,0,0,1,0
20070613 ,0,0,1,0
20070614 ,0,1,0,0
20070615 ,0,1,0,0
20070618 ,0,1,0,0
20070619 ,0,1,0,0
20070620 ,0,1,0,0
20070621 ,0,1,0,0
20070622 ,0,0,1,0
20070625 ,0,0,1,0
20070626 ,0,0,1,0
20070627 ,0,0,0,1
20070628 ,0,1,0,0
20070629 ,1,0,0,0
20070702 ,0,1,0,0
20070703 ,0,1,0,0
20070704 ,0,1,0,0
20070705 ,0,1,0,0
20070706 ,0,0,1,0
20070709 ,0,1,0,0
20070710 ,0,0,1,0
20070711 ,0,0,0,1
20070712 ,0,0,1,0
20070713 ,1,0,0,0
20070717 ,0,0,1,0
20070718 ,0,0,0,1
20070719 ,0,1,0,0
20070720 ,0,1,0,0
20070723 ,0,0,0,1
20070724 ,0,1,0,0
20070725 ,0,0,1,0
20070726 ,0,0,1,0
20070727 ,0,0,0,1
20070730 ,0,1,0,0
20070731 ,0,0,1,0
20070801 ,0,0,0,1
20070802 ,0,1,0,0
20070803 ,0,0,1,0
20070806 ,0,0,1,0
20070807 ,0,1,0,0
20070808 ,0,1,0,0
20070809 ,0,1,0,0
20070810 ,0,0,0,1
20070813 ,0,1,0,0
20070814 ,0,1,0,0
20070815 ,0,0,0,1
20070816 ,0,0,0,1
20070817 ,0,0,0,1
20070820 ,1,0,0,0
20070821 ,1,0,0,0
20070822 ,0,0,1,0
20070823 ,1,0,0,0
20070824 ,0,0,1,0
20070827 ,0,1,0,0
20070828 ,0,0,1,0
20070829 ,0,0,0,1
20070830 ,0,1,0,0
20070831 ,1,0,0,0
20070903 ,0,0,1,0
20070904 ,0,0,1,0
20070905 ,0,0,0,1
20070906 ,0,1,0,0
20070907 ,0,0,1,0
20070910 ,0,0,0,1
20070911 ,0,1,0,0
20070912 ,0,0,1,0
20070913 ,0,1,0,0
20070914 ,1,0,0,0
20070918 ,0,0,0,1
20070919 ,1,0,0,0
20070920 ,0,1,0,0
20070921 ,0,0,1,0
20070925 ,0,1,0,0
20070926 ,0,1,0,0
20070927 ,1,0,0,0
20070928 ,0,0,1,0
20071001 ,0,1,0,0
20071002 ,1,0,0,0
20071003 ,0,1,0,0
20071004 ,0,0,1,0
20071005 ,0,0,1,0
20071009 ,0,1,0,0
20071010 ,0,1,0,0
20071011 ,1,0,0,0
20071012 ,0,0,1,0
20071015 ,0,1,0,0
20071016 ,0,0,0,1
20071017 ,0,0,0,1
20071018 ,0,1,0,0
20071019 ,0,0,0,1
20071022 ,0,0,0,1
20071023 ,0,1,0,0
20071024 ,0,0,1,0
20071025 ,0,0,1,0
20071026 ,1,0,0,0
20071029 ,1,0,0,0
20071030 ,0,0,1,0
20071031 ,0,1,0,0
20071101 ,0,1,0,0
20071102 ,0,0,0,1
20071105 ,0,0,0,1
20071106 ,0,0,1,0
20071107 ,0,0,1,0
20071108 ,0,0,0,1
20071109 ,0,0,0,1
20071112 ,0,0,0,1
20071113 ,0,0,1,0
20071114 ,1,0,0,0
20071115 ,0,0,1,0
20071116 ,0,0,0,1
20071119 ,0,0,1,0
20071120 ,1,0,0,0
20071121 ,0,0,0,1
20071122 ,0,1,0,0
20071126 ,1,0,0,0
20071127 ,0,1,0,0
20071128 ,0,0,1,0
20071129 ,1,0,0,0
20071130 ,1,0,0,0
20071203 ,0,0,1,0
20071204 ,0,0,1,0
20071205 ,0,1,0,0
20071206 ,1,0,0,0
20071207 ,0,1,0,0
20071210 ,0,0,1,0
20071211 ,0,1,0,0
20071212 ,0,0,1,0
20071213 ,0,0,0,1
20071214 ,0,0,1,0
20071217 ,0,0,0,1
20071218 ,0,0,1,0
20071219 ,0,0,0,1
20071220 ,0,1,0,0
20071221 ,1,0,0,0
20071225 ,1,0,0,0
20071226 ,0,1,0,0
20071227 ,0,0,1,0
20071228 ,0,0,0,1
20080104 ,0,0,0,1
20080107 ,0,0,0,1
20080108 ,0,1,0,0
20080109 ,0,1,0,0
20080110 ,0,0,0,1
20080111 ,0,0,0,1
20080115 ,0,0,1,0
20080116 ,0,0,0,1
20080117 ,1,0,0,0
20080118 ,0,1,0,0
20080121 ,0,0,0,1
20080122 ,0,0,0,1
20080123 ,1,0,0,0
20080124 ,1,0,0,0
20080125 ,1,0,0,0
20080128 ,0,0,0,1
20080129 ,1,0,0,0
20080130 ,0,0,1,0
20080131 ,1,0,0,0
20080201 ,0,0,1,0
20080204 ,1,0,0,0
20080205 ,0,0,1,0
20080206 ,0,0,0,1
20080207 ,0,1,0,0
20080208 ,0,0,0,1
20080212 ,0,1,0,0
20080213 ,0,1,0,0
20080214 ,1,0,0,0
20080215 ,0,0,1,0
20080219 ,0,1,0,0
20080220 ,0,0,0,1
20080221 ,1,0,0,0
20080222 ,0,0,0,1
20080225 ,1,0,0,0
20080226 ,0,0,1,0
20080227 ,1,0,0,0
20080228 ,0,0,1,0
20080229 ,0,0,0,1
20080303 ,0,0,0,1
20080304 ,0,1,0,0
20080305 ,0,0,1,0
20080306 ,1,0,0,0
20080307 ,0,0,0,1
20080310 ,0,0,0,1
20080311 ,1,0,0,0
20080312 ,1,0,0,0
20080313 ,0,0,0,1
20080314 ,0,0,0,1
20080317 ,0,0,0,1
20080318 ,1,0,0,0
20080319 ,1,0,0,0
20080321 ,1,0,0,0
20080324 ,0,0,1,0
20080325 ,1,0,0,0
20080326 ,0,0,1,0
20080327 ,0,0,1,0
20080328 ,1,0,0,0
20080331 ,0,0,0,1
20080401 ,1,0,0,0
20080402 ,1,0,0,0
20080403 ,1,0,0,0
20080404 ,0,0,1,0
20080407 ,1,0,0,0
20080408 ,0,0,0,1
20080409 ,0,0,0,1
20080410 ,0,0,0,1
20080411 ,1,0,0,0
20080414 ,0,0,0,1
20080415 ,0,1,0,0
20080416 ,1,0,0,0
20080417 ,1,0,0,0
20080418 ,0,1,0,0
20080421 ,1,0,0,0
20080422 ,0,0,0,1
20080423 ,0,1,0,0
20080424 ,0,0,1,0
20080425 ,1,0,0,0
20080428 ,0,1,0,0
20080430 ,0,0,1,0
20080501 ,0,0,1,0
20080502 ,1,0,0,0
20080507 ,0,1,0,0
20080508 ,0,0,0,1
20080509 ,0,0,0,1
20080512 ,0,1,0,0
20080513 ,1,0,0,0
20080514 ,1,0,0,0
20080515 ,0,1,0,0
20080516 ,0,0,1,0
20080519 ,0,1,0,0
20080520 ,0,0,1,0
20080521 ,0,0,0,1
20080522 ,0,1,0,0
20080523 ,0,1,0,0
20080526 ,0,0,0,1
20080527 ,1,0,0,0
20080528 ,0,0,0,1
20080529 ,1,0,0,0
20080530 ,1,0,0,0
20080602 ,0,1,0,0
20080603 ,0,0,0,1
20080604 ,1,0,0,0
20080605 ,0,0,1,0
20080606 ,1,0,0,0
20080609 ,0,0,0,1
20080610 ,0,0,0,1
20080611 ,1,0,0,0
20080612 ,0,0,0,1
20080613 ,0,1,0,0
20080616 ,1,0,0,0
20080617 ,0,0,1,0
20080618 ,0,1,0,0
20080619 ,0,0,0,1
20080620 ,0,0,0,1
20080623 ,0,0,1,0
20080624 ,0,0,1,0
20080625 ,0,0,1,0
20080626 ,0,0,1,0
20080627 ,0,0,0,1
20080630 ,0,0,1,0
20080701 ,0,0,1,0
20080702 ,0,0,0,1
20080703 ,0,0,1,0
20080704 ,0,0,1,0
20080707 ,0,1,0,0
20080708 ,0,0,0,1
20080709 ,0,1,0,0
20080710 ,0,1,0,0
20080711 ,0,0,1,0
20080714 ,0,0,1,0
20080715 ,0,0,0,1
20080716 ,0,1,0,0
20080717 ,0,1,0,0
20080718 ,0,0,1,0
20080722 ,1,0,0,0
20080723 ,0,1,0,0
20080724 ,1,0,0,0
20080725 ,0,0,0,1
20080728 ,0,1,0,0
20080729 ,0,0,0,1
20080730 ,1,0,0,0
20080731 ,0,1,0,0
20080801 ,0,0,0,1
20080804 ,0,0,0,1
20080805 ,0,0,1,0
20080806 ,1,0,0,0
20080807 ,0,0,1,0
20080808 ,0,1,0,0
20080811 ,1,0,0,0
20080812 ,0,0,1,0
20080813 ,0,0,0,1
20080814 ,0,0,1,0
20080815 ,0,1,0,0
20080818 ,1,0,0,0
20080819 ,0,0,0,1
20080820 ,0,0,1,0
20080821 ,0,0,1,0
20080822 ,0,0,1,0
20080825 ,1,0,0,0
20080826 ,0,0,1,0
20080827 ,0,0,1,0
20080828 ,0,1,0,0
20080829 ,1,0,0,0
20080901 ,0,0,0,1
20080902 ,0,0,0,1
20080903 ,0,1,0,0
20080904 ,0,0,0,1
20080905 ,0,0,0,1
20080908 ,1,0,0,0
20080909 ,0,0,0,1
20080910 ,0,0,1,0
20080911 ,0,0,0,1
20080912 ,0,1,0,0
20080916 ,0,0,0,1
20080917 ,1,0,0,0
20080918 ,0,0,0,1
20080919 ,1,0,0,0
20080922 ,1,0,0,0
20080924 ,0,1,0,0
20080925 ,0,0,1,0
20080926 ,0,0,1,0
20080929 ,0,0,0,1
20080930 ,0,0,0,1
20081001 ,0,1,0,0
20081002 ,0,0,0,1
20081003 ,0,0,0,1
20081006 ,0,0,0,1
20081007 ,0,0,0,1
20081008 ,0,0,0,1
20081009 ,0,0,1,0
20081010 ,0,0,0,1
20081014 ,1,0,0,0
20081015 ,1,0,0,0
20081016 ,0,0,0,1
20081017 ,1,0,0,0
20081020 ,1,0,0,0
20081021 ,1,0,0,0
20081022 ,0,0,0,1
20081023 ,0,0,0,1
20081024 ,0,0,0,1
20081027 ,0,0,0,1
20081028 ,1,0,0,0
20081029 ,1,0,0,0
20081030 ,1,0,0,0
20081031 ,0,0,0,1
20081104 ,1,0,0,0
20081105 ,1,0,0,0
20081106 ,0,0,0,1
20081107 ,0,0,0,1
20081110 ,1,0,0,0
20081111 ,0,0,0,1
20081112 ,0,0,0,1
20081113 ,0,0,0,1
20081114 ,1,0,0,0
20081117 ,0,1,0,0
20081118 ,0,0,0,1
20081119 ,0,0,1,0
20081120 ,0,0,0,1
20081121 ,1,0,0,0
20081125 ,1,0,0,0
20081126 ,0,0,0,1
20081127 ,1,0,0,0
20081128 ,1,0,0,0
20081201 ,0,0,0,1
20081202 ,0,0,0,1
20081203 ,1,0,0,0
20081204 ,0,0,0,1
20081205 ,0,0,1,0
20081208 ,1,0,0,0
20081209 ,0,1,0,0
20081210 ,1,0,0,0
20081211 ,0,1,0,0
20081212 ,0,0,0,1
20081215 ,1,0,0,0
20081216 ,0,0,0,1
20081217 ,0,1,0,0
20081218 ,0,1,0,0
20081219 ,0,0,1,0
20081222 ,1,0,0,0
20081224 ,0,0,0,1
20081225 ,0,1,0,0
20081226 ,1,0,0,0
20081229 ,0,1,0,0
20081230 ,1,0,0,0
20090105 ,1,0,0,0
20090106 ,0,1,0,0
20090107 ,1,0,0,0
20090108 ,0,0,0,1
20090109 ,0,0,1,0
20090113 ,0,0,0,1
20090114 ,0,1,0,0
20090115 ,0,0,0,1
20090116 ,1,0,0,0
20090119 ,0,1,0,0
20090120 ,0,0,0,1
20090121 ,0,0,0,1
20090122 ,1,0,0,0
20090123 ,0,0,0,1
20090126 ,0,0,1,0
20090127 ,1,0,0,0
20090128 ,0,1,0,0
20090129 ,1,0,0,0
20090130 ,0,0,0,1
20090202 ,0,0,0,1
20090203 ,0,0,1,0
20090204 ,1,0,0,0
20090205 ,0,0,0,1
20090206 ,1,0,0,0
20090209 ,0,0,0,1
20090210 ,0,0,1,0
20090212 ,0,0,0,1
20090213 ,0,1,0,0
20090216 ,0,0,1,0
20090217 ,0,0,0,1
20090218 ,0,0,0,1
20090219 ,0,1,0,0
20090220 ,0,0,0,1
20090223 ,0,0,1,0
20090224 ,0,0,0,1
20090225 ,1,0,0,0
20090226 ,0,0,1,0
20090227 ,1,0,0,0
20090302 ,0,0,0,1
20090303 ,0,0,1,0
20090304 ,0,1,0,0
20090305 ,1,0,0,0
20090306 ,0,0,0,1
20090309 ,0,0,0,1
20090310 ,0,0,1,0
20090311 ,1,0,0,0
20090312 ,0,0,0,1
20090313 ,1,0,0,0
20090316 ,1,0,0,0
20090317 ,1,0,0,0
20090318 ,0,1,0,0
20090319 ,0,0,1,0
20090323 ,1,0,0,0
20090324 ,1,0,0,0
20090325 ,0,0,1,0
20090326 ,1,0,0,0
20090327 ,0,0,1,0
20090330 ,0,0,0,1
20090331 ,0,0,0,1
20090401 ,1,0,0,0
20090402 ,1,0,0,0
20090403 ,0,1,0,0
20090406 ,1,0,0,0
20090407 ,0,0,1,0
20090408 ,0,0,0,1
20090409 ,1,0,0,0
20090410 ,0,1,0,0
20090413 ,0,0,1,0
20090414 ,0,0,1,0
20090415 ,0,0,0,1
20090416 ,0,1,0,0
20090417 ,1,0,0,0
20090420 ,0,1,0,0
20090421 ,0,0,0,1
20090422 ,0,1,0,0
20090423 ,1,0,0,0
20090424 ,0,0,0,1
20090427 ,0,1,0,0
20090428 ,0,0,0,1
20090430 ,1,0,0,0
20090501 ,1,0,0,0
20090507 ,1,0,0,0
20090508 ,0,1,0,0
20090511 ,0,1,0,0
20090512 ,0,0,0,1
20090513 ,0,1,0,0
20090514 ,0,0,0,1
20090515 ,1,0,0,0
20090518 ,0,0,0,1
20090519 ,1,0,0,0
20090520 ,0,1,0,0
20090521 ,0,0,1,0
20090522 ,0,0,1,0
20090525 ,1,0,0,0
20090526 ,0,0,1,0
20090527 ,1,0,0,0
20090528 ,0,1,0,0
20090529 ,0,1,0,0
20090601 ,1,0,0,0
20090602 ,0,1,0,0
20090603 ,0,1,0,0
20090604 ,0,0,1,0
20090605 ,1,0,0,0
20090608 ,0,1,0,0
20090609 ,0,0,1,0
20090610 ,1,0,0,0
20090611 ,0,0,1,0
20090612 ,1,0,0,0
20090615 ,0,0,1,0
20090616 ,0,0,0,1
20090617 ,0,1,0,0
20090618 ,0,0,0,1
20090619 ,0,1,0,0
20090622 ,0,1,0,0
20090623 ,0,0,0,1
20090624 ,0,1,0,0
20090625 ,1,0,0,0
20090626 ,0,1,0,0
20090629 ,0,0,1,0
20090630 ,1,0,0,0
20090701 ,0,0,1,0
20090702 ,0,0,1,0
20090703 ,0,0,1,0
20090706 ,0,0,0,1
20090707 ,0,0,1,0
20090708 ,0,0,0,1
20090709 ,0,0,0,1
20090710 ,0,0,1,0
20090713 ,0,0,0,1
20090714 ,1,0,0,0
20090715 ,0,1,0,0
20090716 ,0,1,0,0
20090717 ,0,1,0,0
20090721 ,1,0,0,0
20090722 ,0,1,0,0
20090723 ,0,1,0,0
20090724 ,1,0,0,0
20090727 ,1,0,0,0
20090728 ,0,0,1,0
20090729 ,0,1,0,0
20090730 ,0,1,0,0
20090731 ,1,0,0,0
20090803 ,0,0,1,0
20090804 ,0,1,0,0
20090805 ,0,0,0,1
20090806 ,1,0,0,0
20090807 ,0,1,0,0
20090810 ,1,0,0,0
20090811 ,0,1,0,0
20090812 ,0,0,0,1
20090813 ,0,1,0,0
20090814 ,0,1,0,0
20090817 ,0,0,0,1
20090818 ,0,1,0,0
20090819 ,0,0,1,0
20090820 ,1,0,0,0
20090821 ,0,0,0,1
20090824 ,1,0,0,0
20090825 ,0,0,1,0
20090826 ,1,0,0,0
20090827 ,0,0,0,1
20090828 ,0,1,0,0
20090831 ,0,0,1,0
20090901 ,0,1,0,0
20090902 ,0,0,0,1
20090903 ,0,0,1,0
20090904 ,0,0,1,0
20090907 ,1,0,0,0
20090908 ,0,1,0,0
20090909 ,0,0,1,0
20090910 ,1,0,0,0
20090911 ,0,0,1,0
20090914 ,0,0,0,1
20090915 ,0,1,0,0
20090916 ,0,1,0,0
20090917 ,1,0,0,0
20090918 ,0,0,1,0
20090924 ,1,0,0,0
20090925 ,0,0,0,1
20090928 ,0,0,0,1
20090929 ,0,1,0,0
20090930 ,0,1,0,0
20091001 ,0,0,0,1
20091002 ,0,0,0,1
20091005 ,0,0,1,0
20091006 ,0,1,0,0
20091007 ,1,0,0,0
20091008 ,0,1,0,0
20091009 ,1,0,0,0
20091013 ,0,1,0,0
20091014 ,0,0,1,0
20091015 ,1,0,0,0
20091016 ,0,1,0,0
20091019 ,0,0,1,0
20091020 ,0,1,0,0
20091021 ,0,0,1,0
20091022 ,0,0,1,0
20091023 ,0,1,0,0
20091026 ,0,1,0,0
20091027 ,0,0,0,1
20091028 ,0,0,0,1
20091029 ,0,0,0,1
20091030 ,1,0,0,0
20091102 ,0,0,0,1
20091104 ,0,1,0,0
20091105 ,0,0,0,1
20091106 ,0,1,0,0
20091109 ,0,1,0,0
20091110 ,0,1,0,0
20091111 ,0,1,0,0
20091112 ,0,0,1,0
20091113 ,0,0,1,0
20091116 ,0,1,0,0
20091117 ,0,0,1,0
20091118 ,0,0,1,0
20091119 ,0,0,0,1
20091120 ,0,0,1,0
20091124 ,0,0,0,1
20091125 ,0,1,0,0
20091126 ,0,0,1,0
20091127 ,0,0,0,1
20091130 ,1,0,0,0
20091201 ,1,0,0,0
20091202 ,0,1,0,0
20091203 ,1,0,0,0
20091204 ,0,1,0,0
20091207 ,1,0,0,0
20091208 ,0,0,1,0
20091209 ,0,0,0,1
20091210 ,0,0,0,1
20091211 ,1,0,0,0
20091214 ,0,0,1,0
20091215 ,0,0,1,0
20091216 ,0,1,0,0
20091217 ,0,0,1,0
20091218 ,0,0,1,0
20091221 ,0,1,0,0
20091222 ,1,0,0,0
20091224 ,1,0,0,0
20091225 ,0,0,1,0
20091228 ,1,0,0,0
20091229 ,0,1,0,0
20091230 ,0,0,1,0
20100104 ,1,0,0,0
20100105 ,0,1,0,0
20100106 ,0,1,0,0
20100107 ,0,0,1,0
20100108 ,1,0,0,0
20100112 ,0,1,0,0
20100113 ,0,0,0,1
20100114 ,1,0,0,0
20100115 ,0,1,0,0
20100118 ,0,0,0,1
20100119 ,0,0,1,0
20100120 ,0,0,1,0
20100121 ,1,0,0,0
20100122 ,0,0,0,1
20100125 ,0,0,1,0
20100126 ,0,0,0,1
20100127 ,0,0,1,0
20100128 ,1,0,0,0
20100129 ,0,0,0,1
20100201 ,0,1,0,0
20100202 ,1,0,0,0
20100203 ,0,1,0,0
20100204 ,0,0,1,0
20100205 ,0,0,0,1
20100208 ,0,0,0,1
20100209 ,0,0,1,0
20100210 ,0,1,0,0
20100212 ,1,0,0,0
20100215 ,0,0,1,0
20100216 ,0,1,0,0
20100217 ,1,0,0,0
20100218 ,0,1,0,0
20100219 ,0,0,0,1
20100222 ,1,0,0,0
20100223 ,0,0,1,0
20100224 ,0,0,0,1
20100225 ,0,0,1,0
20100226 ,0,1,0,0
20100301 ,0,1,0,0
20100302 ,0,1,0,0
20100303 ,0,1,0,0
20100304 ,0,0,0,1
20100305 ,1,0,0,0
20100308 ,1,0,0,0
20100309 ,0,0,1,0
20100310 ,0,0,1,0
20100311 ,0,1,0,0
20100312 ,0,1,0,0
20100315 ,0,1,0,0
20100316 ,0,0,1,0
20100317 ,1,0,0,0
20100318 ,0,0,1,0
20100319 ,0,1,0,0
20100323 ,0,0,1,0
20100324 ,0,1,0,0
20100325 ,0,1,0,0
20100326 ,1,0,0,0
20100329 ,0,0,1,0
20100330 ,1,0,0,0
20100331 ,0,0,1,0
20100401 ,1,0,0,0
20100402 ,0,1,0,0
20100405 ,0,1,0,0
20100406 ,0,0,1,0
20100407 ,0,1,0,0
20100408 ,0,0,0,1
20100409 ,0,1,0,0
20100412 ,0,1,0,0
20100413 ,0,0,1,0
20100414 ,0,1,0,0
20100415 ,0,1,0,0
20100416 ,0,0,0,1
20100419 ,0,0,0,1
20100420 ,0,0,1,0
20100421 ,1,0,0,0
20100422 ,0,0,0,1
20100423 ,0,0,1,0
20100426 ,1,0,0,0
20100427 ,0,1,0,0
20100428 ,0,0,0,1
20100430 ,1,0,0,0
20100506 ,0,0,0,1
20100507 ,0,0,0,1
20100510 ,1,0,0,0
20100511 ,0,0,0,1
20100512 ,0,0,1,0
20100513 ,1,0,0,0
20100514 ,0,0,0,1
20100517 ,0,0,0,1
20100518 ,0,1,0,0
20100519 ,0,0,1,0
20100520 ,0,0,0,1
20100521 ,0,0,0,1
20100524 ,0,0,1,0
20100525 ,0,0,0,1
20100526 ,0,1,0,0
20100527 ,1,0,0,0
20100528 ,1,0,0,0
20100531 ,0,1,0,0
20100601 ,0,0,1,0
20100602 ,0,0,0,1
20100603 ,1,0,0,0
20100604 ,0,0,1,0
20100607 ,0,0,0,1
20100608 ,0,1,0,0
20100609 ,0,0,0,1
20100610 ,1,0,0,0
20100611 ,1,0,0,0
20100614 ,1,0,0,0
20100615 ,0,1,0,0
20100616 ,1,0,0,0
20100617 ,0,0,1,0
20100618 ,0,0,1,0
20100621 ,1,0,0,0
20100622 ,0,0,0,1
20100623 ,0,0,0,1
20100624 ,0,1,0,0
20100625 ,0,0,0,1
20100628 ,0,0,1,0
20100629 ,0,0,0,1
20100630 ,0,0,0,1
20100701 ,0,0,0,1
20100702 ,0,1,0,0
20100705 ,0,1,0,0
20100706 ,0,1,0,0
20100707 ,0,0,1,0
20100708 ,1,0,0,0
20100709 ,0,1,0,0
20100712 ,0,0,1,0
20100713 ,0,0,1,0
20100714 ,1,0,0,0
20100715 ,0,0,0,1
20100716 ,0,0,0,1
20100720 ,0,0,0,1
20100721 ,0,0,1,0
20100722 ,0,0,1,0
20100723 ,1,0,0,0
20100726 ,0,1,0,0
20100727 ,0,0,1,0
20100730 ,0,1,0,0
20100802 ,0,1,0,0
20100803 ,1,0,0,0
20100804 ,0,0,0,1
20100805 ,1,0,0,0
20100806 ,0,0,1,0
20100809 ,0,0,1,0
20100810 ,0,0,1,0
20100811 ,0,0,0,1
20100812 ,0,0,1,0
20100813 ,0,1,0,0
20100816 ,0,0,1,0
20100817 ,0,0,1,0
20100818 ,0,1,0,0
20100819 ,1,0,0,0
20100820 ,0,0,0,1
20100823 ,0,0,1,0
20100824 ,0,0,0,1
20100825 ,0,0,0,1
20100826 ,0,1,0,0
20100827 ,0,1,0,0
20100830 ,1,0,0,0
20100831 ,0,0,0,1
20100901 ,1,0,0,0
20100902 ,1,0,0,0
20100903 ,0,1,0,0
20100906 ,1,0,0,0
20100907 ,0,0,1,0
20100908 ,0,0,0,1
20100909 ,0,1,0,0
20100910 ,1,0,0,0
20100913 ,0,1,0,0
20100914 ,0,0,1,0
20100915 ,1,0,0,0
20100916 ,0,0,1,0
20100917 ,1,0,0,0
20100921 ,0,0,1,0
20100922 ,0,0,1,0
20100924 ,0,0,1,0
20100927 ,1,0,0,0
20100928 ,0,0,0,1
20100929 ,0,1,0,0
20100930 ,0,0,0,1
20101001 ,0,1,0,0
20101004 ,0,0,1,0
20101005 ,1,0,0,0
20101006 ,1,0,0,0
20101007 ,0,0,1,0
20101008 ,0,0,1,0
20101012 ,0,0,0,1
20101013 ,0,1,0,0
20101014 ,1,0,0,0
20101015 ,0,0,1,0
20101018 ,0,0,1,0
20101019 ,0,1,0,0
20101020 ,0,0,0,1
20101021 ,0,0,1,0
20101022 ,0,1,0,0
20101025 ,0,0,1,0
20101026 ,0,0,1,0
20101027 ,0,1,0,0
20101028 ,0,0,1,0
20101029 ,0,0,0,1
20101101 ,0,0,1,0
20101102 ,0,1,0,0
20101104 ,1,0,0,0
20101105 ,1,0,0,0
20101108 ,1,0,0,0
20101109 ,0,0,1,0
20101110 ,1,0,0,0
20101111 ,0,1,0,0
20101112 ,0,0,0,1
20101115 ,1,0,0,0
20101116 ,0,0,1,0
20101117 ,0,1,0,0
20101118 ,1,0,0,0
20101119 ,0,1,0,0
20101122 ,0,1,0,0
20101124 ,0,0,1,0
20101125 ,0,1,0,0
20101126 ,0,0,1,0
20101129 ,0,1,0,0
20101130 ,0,0,0,1
20101201 ,0,1,0,0
20101202 ,1,0,0,0
20101203 ,0,1,0,0
20101206 ,0,0,1,0
20101207 ,0,0,1,0
20101208 ,0,1,0,0
20101209 ,0,1,0,0
20101210 ,0,0,1,0
20101213 ,0,1,0,0
20101214 ,0,1,0,0
20101215 ,0,0,1,0
20101216 ,0,1,0,0
20101217 ,0,0,1,0
20101220 ,0,0,1,0
20101221 ,1,0,0,0
20101222 ,0,0,1,0
20101224 ,0,0,1,0
20101227 ,0,1,0,0
20101228 ,0,0,1,0
20101229 ,0,1,0,0
20101230 ,0,0,0,1
20110104 ,1,0,0,0
20110105 ,0,0,1,0
20110106 ,1,0,0,0
20110107 ,0,1,0,0
20110111 ,0,0,1,0
20110112 ,0,1,0,0
20110113 ,0,1,0,0
20110114 ,0,0,1,0
20110117 ,0,1,0,0
20110118 ,0,1,0,0
20110119 ,0,1,0,0
20110120 ,0,0,0,1
20110121 ,0,0,0,1
20110124 ,0,1,0,0
20110125 ,1,0,0,0
20110126 ,0,0,1,0
20110127 ,0,1,0,0
20110128 ,0,0,0,1
20110131 ,0,0,0,1
20110201 ,0,1,0,0
20110202 ,1,0,0,0
20110203 ,0,0,1,0
20110204 ,1,0,0,0
20110207 ,0,1,0,0
20110208 ,0,1,0,0
20110209 ,0,0,1,0
20110210 ,0,0,1,0
20110214 ,1,0,0,0
20110215 ,0,1,0,0
20110216 ,0,1,0,0
20110217 ,0,1,0,0
20110218 ,0,1,0,0
20110221 ,0,1,0,0
20110222 ,0,0,0,1
20110223 ,0,0,1,0
20110224 ,0,0,0,1
20110225 ,0,1,0,0
20110228 ,0,1,0,0
20110301 ,1,0,0,0
20110302 ,0,0,0,1
20110303 ,0,1,0,0
20110304 ,1,0,0,0
20110307 ,0,0,0,1
20110308 ,0,1,0,0
20110309 ,0,1,0,0
20110310 ,0,0,0,1
20110311 ,0,0,0,1
20110314 ,0,0,0,1
20110315 ,0,0,0,1
20110316 ,1,0,0,0
20110317 ,0,0,0,1
20110318 ,1,0,0,0
20110322 ,1,0,0,0
20110323 ,0,0,0,1
20110324 ,0,0,1,0
20110325 ,1,0,0,0
20110328 ,0,0,1,0
20110329 ,0,0,1,0
20110330 ,1,0,0,0
20110331 ,0,1,0,0
20110401 ,0,0,1,0
20110404 ,0,1,0,0
20110405 ,0,0,0,1
20110406 ,0,0,1,0
20110407 ,0,1,0,0
20110408 ,1,0,0,0
20110411 ,0,0,1,0
20110412 ,0,0,0,1
20110413 ,0,1,0,0
20110414 ,0,1,0,0
20110415 ,0,0,1,0
20110418 ,0,0,1,0
20110419 ,0,0,0,1
20110420 ,1,0,0,0
20110421 ,0,1,0,0
20110422 ,0,0,1,0
20110425 ,0,0,1,0
20110426 ,0,0,0,1
20110427 ,1,0,0,0
20110428 ,1,0,0,0
20110502 ,1,0,0,0
20110506 ,0,0,0,1
20110509 ,0,0,1,0
20110510 ,0,1,0,0
20110511 ,0,1,0,0
20110512 ,0,0,0,1
20110513 ,0,0,1,0
20110516 ,0,0,1,0
20110517 ,0,1,0,0
20110518 ,0,1,0,0
20110519 ,0,0,1,0
20110520 ,0,0,1,0
20110523 ,0,0,0,1
20110524 ,0,1,0,0
20110525 ,0,0,1,0
20110526 ,1,0,0,0
20110527 ,0,0,1,0
20110530 ,0,0,1,0
20110531 ,1,0,0,0
20110601 ,0,1,0,0
20110602 ,0,0,0,1
20110603 ,0,0,1,0
20110606 ,0,0,0,1
20110607 ,0,1,0,0
20110608 ,0,1,0,0
20110609 ,0,1,0,0
20110610 ,0,1,0,0
20110613 ,0,0,1,0
20110614 ,1,0,0,0
20110615 ,0,1,0,0
20110616 ,0,0,0,1
20110617 ,0,0,1,0
20110620 ,0,1,0,0
20110621 ,1,0,0,0
20110622 ,1,0,0,0
20110623 ,0,0,1,0
20110624 ,0,1,0,0
20110627 ,0,0,0,1
20110628 ,0,1,0,0
20110629 ,1,0,0,0
20110630 ,0,1,0,0
20110701 ,0,1,0,0
20110704 ,0,1,0,0
20110705 ,0,1,0,0
20110706 ,1,0,0,0
20110707 ,0,0,1,0
20110708 ,0,1,0,0
20110711 ,0,0,1,0
20110712 ,0,0,0,1
20110713 ,0,1,0,0
20110714 ,0,0,1,0
20110715 ,0,1,0,0
20110719 ,0,0,1,0
20110720 ,1,0,0,0
20110721 ,0,1,0,0
20110722 ,1,0,0,0
20110725 ,0,0,1,0
20110726 ,0,1,0,0
20110727 ,0,0,1,0
20110728 ,0,0,0,1
20110729 ,0,0,1,0
20110801 ,1,0,0,0
20110802 ,0,0,0,1
20110803 ,0,0,0,1
20110804 ,0,1,0,0
20110805 ,0,0,0,1
20110808 ,0,0,0,1
20110809 ,0,0,0,1
20110810 ,1,0,0,0
20110811 ,0,0,1,0
20110812 ,0,0,1,0
20110815 ,1,0,0,0
20110816 ,0,1,0,0
20110817 ,0,0,1,0
20110818 ,0,0,0,1
20110819 ,0,0,0,1
20110822 ,0,0,0,1
20110823 ,1,0,0,0
20110824 ,0,0,0,1
20110825 ,1,0,0,0
20110826 ,0,1,0,0
20110829 ,0,1,0,0
20110830 ,1,0,0,0
20110831 ,0,1,0,0
20110901 ,1,0,0,0
20110902 ,0,0,0,1
20110905 ,0,0,0,1
20110906 ,0,0,0,1
20110907 ,1,0,0,0
20110908 ,0,1,0,0
20110909 ,0,0,1,0
20110912 ,0,0,0,1
20110913 ,0,1,0,0
20110914 ,0,0,0,1
20110915 ,1,0,0,0
20110916 ,1,0,0,0
20110920 ,0,0,0,1
20110921 ,0,1,0,0
20110922 ,0,0,0,1
20110926 ,0,0,0,1
20110927 ,1,0,0,0
20110928 ,0,1,0,0
20110929 ,0,1,0,0
20110930 ,0,0,1,0
20111003 ,0,0,0,1
20111004 ,0,0,0,1
20111005 ,0,0,1,0
20111006 ,1,0,0,0
20111007 ,0,1,0,0
20111011 ,1,0,0,0
20111012 ,0,0,1,0
20111013 ,0,1,0,0
20111014 ,0,0,1,0
20111017 ,1,0,0,0
20111018 ,0,0,0,1
20111019 ,0,1,0,0
20111020 ,0,0,0,1
20111021 ,0,0,1,0
20111024 ,1,0,0,0
20111025 ,0,0,1,0
20111026 ,0,0,1,0
20111027 ,1,0,0,0
20111028 ,1,0,0,0
20111031 ,0,0,1,0
20111101 ,0,0,0,1
20111102 ,0,0,0,1
20111104 ,1,0,0,0
20111107 ,0,0,1,0
20111108 ,0,0,0,1
20111109 ,1,0,0,0
20111110 ,0,0,0,1
20111111 ,0,1,0,0
20111114 ,1,0,0,0
20111115 ,0,0,1,0
20111116 ,0,0,1,0
20111117 ,0,1,0,0
20111118 ,0,0,0,1
20111121 ,0,0,1,0
20111122 ,0,0,1,0
20111124 ,0,0,0,1
20111125 ,0,0,1,0
20111128 ,1,0,0,0
20111129 ,1,0,0,0
20111130 ,0,0,1,0
20111201 ,1,0,0,0
20111202 ,0,1,0,0
20111205 ,0,1,0,0
20111206 ,0,0,0,1
20111207 ,1,0,0,0
20111208 ,0,0,1,0
20111209 ,0,0,0,1
20111212 ,1,0,0,0
20111213 ,0,0,0,1
20111214 ,0,0,1,0
20111215 ,0,0,0,1
20111216 ,0,1,0,0
20111219 ,0,0,0,1
20111220 ,0,1,0,0
20111221 ,1,0,0,0
20111222 ,0,0,1,0
20111226 ,0,1,0,0
20111227 ,0,0,1,0
20111228 ,0,0,1,0
20111229 ,0,0,1,0
20111230 ,0,1,0,0
20120104 ,1,0,0,0
20120105 ,0,0,1,0
20120106 ,0,0,0,1
20120110 ,0,1,0,0
20120111 ,0,1,0,0
20120112 ,0,0,1,0
20120113 ,1,0,0,0
20120116 ,0,0,0,1
20120117 ,1,0,0,0
20120118 ,0,1,0,0
20120119 ,1,0,0,0
20120120 ,1,0,0,0
20120123 ,0,0,1,0
20120124 ,0,1,0,0
20120125 ,1,0,0,0
20120126 ,0,0,1,0
20120127 ,0,0,1,0
20120130 ,0,0,1,0
20120131 ,0,1,0,0
20120201 ,0,1,0,0
20120202 ,0,1,0,0
20120203 ,0,0,1,0
20120206 ,1,0,0,0
20120207 ,0,0,1,0
20120208 ,1,0,0,0
20120209 ,0,0,1,0
20120210 ,0,0,1,0
20120213 ,0,1,0,0
20120214 ,0,1,0,0
20120215 ,1,0,0,0
20120216 ,0,0,1,0
20120217 ,1,0,0,0
20120220 ,1,0,0,0
20120221 ,0,0,1,0
20120222 ,0,1,0,0
20120223 ,0,1,0,0
20120224 ,0,1,0,0
20120227 ,0,0,1,0
20120228 ,0,1,0,0
20120229 ,0,1,0,0
20120301 ,0,0,1,0
20120302 ,0,1,0,0
20120305 ,0,0,1,0
20120306 ,0,0,1,0
20120307 ,0,0,1,0
20120308 ,1,0,0,0
20120309 ,1,0,0,0
20120312 ,0,0,1,0
20120313 ,0,1,0,0
20120314 ,1,0,0,0
20120315 ,0,1,0,0
20120316 ,0,1,0,0
20120319 ,0,1,0,0
20120321 ,0,0,1,0
20120322 ,0,1,0,0
20120323 ,0,0,0,1
20120326 ,0,1,0,0
20120327 ,1,0,0,0
20120328 ,0,0,1,0
20120329 ,0,0,1,0
20120330 ,0,0,1,0
20120402 ,0,1,0,0
20120403 ,0,0,1,0
20120404 ,0,0,0,1
20120405 ,0,0,1,0
20120406 ,0,0,1,0
20120409 ,0,0,0,1
20120410 ,0,0,1,0
20120411 ,0,0,1,0
20120412 ,0,1,0,0
20120413 ,1,0,0,0
20120416 ,0,0,0,1
20120417 ,0,0,1,0
20120418 ,1,0,0,0
20120419 ,0,0,1,0
20120420 ,0,0,1,0
20120423 ,0,0,1,0
20120424 ,0,0,1,0
20120425 ,0,1,0,0
20120426 ,0,1,0,0
20120427 ,0,0,1,0
20120501 ,0,0,0,1
20120502 ,0,1,0,0
20120507 ,0,0,0,1
20120508 ,0,1,0,0
20120509 ,0,0,0,1
20120510 ,0,0,1,0
20120511 ,0,0,1,0
20120514 ,0,1,0,0
20120515 ,0,0,1,0
20120516 ,0,0,0,1
20120517 ,0,1,0,0
20120518 ,0,0,0,1
20120521 ,0,1,0,0
20120522 ,1,0,0,0
20120523 ,0,0,0,1
20120524 ,0,1,0,0
20120525 ,0,1,0,0
20120528 ,0,1,0,0
20120529 ,0,1,0,0
20120530 ,0,0,1,0
20120531 ,0,0,0,1
20120601 ,0,0,0,1
20120604 ,0,0,0,1
20120605 ,1,0,0,0
20120606 ,1,0,0,0
20120607 ,1,0,0,0
20120608 ,0,0,0,1
20120611 ,1,0,0,0
20120612 ,0,0,0,1
20120613 ,0,1,0,0
20120614 ,0,0,1,0
20120615 ,0,1,0,0
20120618 ,1,0,0,0
20120619 ,0,0,1,0
20120620 ,1,0,0,0
20120621 ,0,1,0,0
20120622 ,0,0,1,0
20120625 ,0,0,1,0
20120626 ,0,0,1,0
20120627 ,0,1,0,0
20120628 ,1,0,0,0
20120629 ,1,0,0,0
20120702 ,0,0,1,0
20120703 ,0,1,0,0
20120704 ,0,1,0,0
20120705 ,0,0,1,0
20120706 ,0,0,1,0
20120709 ,0,0,0,1
20120710 ,0,0,1,0
20120711 ,0,0,1,0
20120712 ,0,0,0,1
20120713 ,0,1,0,0
20120717 ,0,1,0,0
20120718 ,0,0,1,0
20120719 ,0,1,0,0
20120720 ,0,0,0,1
20120723 ,0,0,0,1
20120724 ,0,0,1,0
20120725 ,0,0,0,1
20120726 ,0,1,0,0
20120727 ,1,0,0,0
20120730 ,0,1,0,0
20120731 ,0,1,0,0
20120801 ,0,0,1,0
20120802 ,0,1,0,0
20120803 ,0,0,0,1
20120806 ,1,0,0,0
20120807 ,0,1,0,0
20120808 ,0,1,0,0
20120809 ,1,0,0,0
20120810 ,0,0,1,0
20120813 ,0,0,1,0
20120814 ,0,1,0,0
20120815 ,0,0,1,0
20120816 ,1,0,0,0
20120817 ,0,1,0,0
20120820 ,0,1,0,0
20120821 ,0,0,1,0
20120822 ,0,0,1,0
20120823 ,0,1,0,0
20120824 ,0,0,0,1
20120827 ,0,1,0,0
20120828 ,0,0,1,0
20120829 ,0,1,0,0
20120830 ,0,0,1,0
20120831 ,0,0,0,1
20120903 ,0,0,1,0
20120904 ,0,0,1,0
20120905 ,0,0,0,1
20120906 ,0,1,0,0
20120907 ,1,0,0,0
20120910 ,0,0,1,0
20120911 ,0,0,1,0
20120912 ,1,0,0,0
20120913 ,0,1,0,0
20120914 ,1,0,0,0
20120918 ,0,0,1,0
20120919 ,1,0,0,0
20120920 ,0,0,0,1
20120921 ,0,1,0,0
20120924 ,0,0,1,0
20120925 ,0,1,0,0
20120926 ,0,0,0,1
20120927 ,0,1,0,0
20120928 ,0,0,1,0
20121001 ,0,0,1,0
20121002 ,0,0,1,0
20121003 ,0,0,1,0
20121004 ,0,1,0,0
20121005 ,0,1,0,0
20121009 ,0,0,0,1
20121010 ,0,0,0,1
20121011 ,0,0,1,0
20121012 ,0,0,1,0
20121015 ,0,1,0,0
20121016 ,1,0,0,0
20121017 ,1,0,0,0
20121018 ,1,0,0,0
20121019 ,0,1,0,0
20121022 ,0,1,0,0
20121023 ,0,1,0,0
20121024 ,0,0,1,0
20121025 ,1,0,0,0
20121026 ,0,0,0,1
20121029 ,0,0,1,0
20121030 ,0,0,1,0
20121031 ,0,1,0,0
20121101 ,0,1,0,0
20121102 ,1,0,0,0
20121105 ,0,0,1,0
20121106 ,0,0,1,0
20121107 ,0,0,1,0
20121108 ,0,0,0,1
20121109 ,0,0,1,0
20121112 ,0,0,1,0
20121113 ,0,0,1,0
20121114 ,0,1,0,0
20121115 ,1,0,0,0
20121116 ,1,0,0,0
20121119 ,1,0,0,0
20121120 ,0,0,1,0
20121121 ,0,1,0,0
20121122 ,1,0,0,0
20121126 ,0,1,0,0
20121127 ,0,1,0,0
20121128 ,0,0,0,1
20121129 ,0,1,0,0
20121130 ,0,1,0,0
20121203 ,0,1,0,0
20121204 ,0,0,1,0
20121205 ,0,1,0,0
20121206 ,0,1,0,0
20121207 ,0,0,1,0
20121210 ,0,1,0,0
20121211 ,0,0,1,0
20121212 ,0,1,0,0
20121213 ,1,0,0,0
20121214 ,0,0,1,0
20121217 ,0,1,0,0
20121218 ,0,1,0,0
20121219 ,1,0,0,0
20121220 ,0,0,0,1
20121221 ,0,0,1,0
20121225 ,1,0,0,0
20121226 ,1,0,0,0
20121227 ,0,1,0,0
20121228 ,0,1,0,0
20130104 ,1,0,0,0
20130107 ,0,0,1,0
20130108 ,0,0,1,0
20130109 ,0,1,0,0
20130110 ,0,1,0,0
20130111 ,1,0,0,0
20130115 ,0,1,0,0
20130116 ,0,0,0,1
20130117 ,0,1,0,0
20130118 ,1,0,0,0
20130121 ,0,0,0,1
20130122 ,0,0,1,0
20130123 ,0,0,0,1
20130124 ,1,0,0,0
20130125 ,1,0,0,0
20130128 ,0,0,1,0
20130129 ,0,1,0,0
20130130 ,1,0,0,0
20130131 ,0,1,0,0
20130201 ,0,1,0,0
20130204 ,0,1,0,0
20130205 ,0,0,0,1
20130206 ,1,0,0,0
20130207 ,0,0,1,0
20130208 ,0,0,0,1
20130212 ,1,0,0,0
20130213 ,0,0,0,1
20130214 ,0,1,0,0
20130215 ,0,0,0,1
20130218 ,1,0,0,0
20130219 ,0,0,1,0
20130220 ,0,1,0,0
20130221 ,0,0,0,1
20130222 ,0,1,0,0
20130225 ,1,0,0,0
20130226 ,0,0,0,1
20130227 ,0,0,0,1
20130228 ,1,0,0,0
20130301 ,0,1,0,0
20130304 ,0,1,0,0
20130305 ,0,1,0,0
20130306 ,1,0,0,0
20130307 ,0,1,0,0
20130308 ,1,0,0,0
20130311 ,0,1,0,0
20130312 ,0,0,1,0
20130313 ,0,0,1,0
20130314 ,1,0,0,0
20130315 ,1,0,0,0
20130318 ,0,0,0,1
20130319 ,1,0,0,0
20130321 ,1,0,0,0
20130322 ,0,0,0,1
20130325 ,1,0,0,0
20130326 ,0,0,1,0
20130327 ,0,1,0,0
20130328 ,0,0,0,1
20130329 ,0,1,0,0
20130401 ,0,0,0,1
20130402 ,0,0,0,1
20130403 ,1,0,0,0
20130404 ,1,0,0,0
20130405 ,1,0,0,0
20130408 ,1,0,0,0
20130409 ,0,0,1,0
20130410 ,0,1,0,0
20130411 ,1,0,0,0
20130412 ,0,0,1,0
20130415 ,0,0,0,1
20130416 ,0,0,1,0
20130417 ,1,0,0,0
20130418 ,0,0,0,1
20130419 ,0,1,0,0
20130422 ,1,0,0,0
20130423 ,0,0,1,0
20130424 ,1,0,0,0
20130425 ,0,1,0,0
20130426 ,0,0,1,0
20130430 ,0,0,1,0
20130501 ,0,0,1,0
20130502 ,0,0,1,0
20130507 ,1,0,0,0
20130508 ,0,1,0,0
20130509 ,0,0,1,0
20130510 ,1,0,0,0
20130513 ,1,0,0,0
20130514 ,0,0,1,0
20130515 ,1,0,0,0
20130516 ,0,0,1,0
20130517 ,0,1,0,0
20130520 ,1,0,0,0
20130521 ,0,1,0,0
20130522 ,1,0,0,0
20130523 ,0,0,0,1
20130524 ,0,1,0,0
20130527 ,0,0,0,1
20130528 ,1,0,0,0
20130529 ,0,1,0,0
20130530 ,0,0,0,1
20130531 ,1,0,0,0
20130603 ,0,0,0,1
20130604 ,1,0,0,0
20130605 ,0,0,0,1
20130606 ,0,0,1,0
20130607 ,0,0,1,0
20130610 ,1,0,0,0
20130611 ,0,0,0,1
20130612 ,0,0,1,0
20130613 ,0,0,0,1
20130614 ,1,0,0,0
20130617 ,1,0,0,0
20130618 ,0,0,1,0
20130619 ,1,0,0,0
20130620 ,0,0,0,1
20130621 ,1,0,0,0
20130624 ,0,0,0,1
20130625 ,0,0,1,0
20130626 ,0,0,0,1
20130627 ,1,0,0,0
20130628 ,1,0,0,0
20130701 ,1,0,0,0
20130702 ,1,0,0,0
20130703 ,0,0,1,0
20130704 ,0,0,1,0
20130705 ,1,0,0,0
20130708 ,0,0,0,1
20130709 ,1,0,0,0
20130710 ,0,0,1,0
20130711 ,0,1,0,0
20130712 ,0,1,0,0
20130716 ,0,1,0,0
20130717 ,0,1,0,0
20130718 ,1,0,0,0
20130719 ,0,0,0,1
20130722 ,0,1,0,0
20130723 ,0,1,0,0
20130724 ,0,0,1,0
20130725 ,0,0,0,1
20130726 ,0,0,0,1
20130729 ,0,0,0,1
20130730 ,1,0,0,0
20130731 ,0,0,0,1
20130801 ,1,0,0,0
20130802 ,1,0,0,0
20130805 ,0,0,0,1
20130806 ,0,1,0,0
20130807 ,0,0,0,1
20130808 ,0,0,0,1
20130809 ,0,1,0,0
20130812 ,0,0,1,0
20130813 ,1,0,0,0
20130814 ,1,0,0,0
20130815 ,0,0,0,1
20130816 ,0,0,1,0
20130819 ,0,1,0,0
20130820 ,0,0,0,1
20130821 ,0,1,0,0
20130822 ,0,0,1,0
20130823 ,1,0,0,0
20130826 ,0,0,1,0
20130827 ,0,0,1,0
20130828 ,0,0,0,1
20130829 ,0,1,0,0
20130830 ,0,0,1,0
20130902 ,1,0,0,0
20130903 ,1,0,0,0
20130904 ,0,1,0,0
20130905 ,0,1,0,0
20130906 ,0,0,0,1
20130909 ,1,0,0,0
20130910 ,1,0,0,0
20130911 ,0,1,0,0
20130912 ,0,0,1,0
20130913 ,0,1,0,0
20130917 ,0,0,1,0
20130918 ,1,0,0,0
20130919 ,1,0,0,0
20130920 ,0,0,1,0
20130924 ,0,0,1,0
20130925 ,0,0,1,0
20130926 ,1,0,0,0
20130927 ,0,0,1,0
20130930 ,0,0,0,1
20131001 ,0,1,0,0
20131002 ,0,0,0,1
20131003 ,0,0,1,0
20131004 ,0,0,1,0
20131007 ,0,0,0,1
20131008 ,0,1,0,0
20131009 ,1,0,0,0
20131010 ,1,0,0,0
20131011 ,1,0,0,0
20131015 ,0,1,0,0
20131016 ,0,1,0,0
20131017 ,0,1,0,0
20131018 ,0,0,1,0
20131021 ,0,1,0,0
20131022 ,0,1,0,0
20131023 ,0,0,0,1
20131024 ,0,1,0,0
20131025 ,0,0,0,1
20131028 ,1,0,0,0
20131029 ,0,0,1,0
20131030 ,1,0,0,0
20131031 ,0,0,0,1
20131101 ,0,0,1,0
20131105 ,0,1,0,0
20131106 ,0,1,0,0
20131107 ,0,0,1,0
20131108 ,0,0,0,1
20131111 ,1,0,0,0
20131112 ,1,0,0,0
20131113 ,0,0,1,0
20131114 ,1,0,0,0
20131115 ,1,0,0,0
20131118 ,0,0,1,0
20131119 ,0,0,1,0
20131120 ,0,0,1,0
20131121 ,1,0,0,0
20131122 ,0,1,0,0
20131125 ,1,0,0,0
20131126 ,0,0,1,0
20131127 ,0,0,1,0
20131128 ,1,0,0,0
20131129 ,0,0,1,0
20131202 ,0,0,1,0
20131203 ,0,1,0,0
20131204 ,0,0,0,1
20131205 ,0,0,0,1
20131206 ,0,1,0,0
20131209 ,1,0,0,0
20131210 ,0,0,1,0
20131211 ,0,0,1,0
20131212 ,0,0,0,1
20131213 ,0,1,0,0
20131216 ,0,0,0,1
20131217 ,0,1,0,0
20131218 ,1,0,0,0
20131219 ,1,0,0,0
20131220 ,0,1,0,0
20131224 ,0,1,0,0
20131225 ,0,1,0,0
20131226 ,1,0,0,0
20131227 ,0,1,0,0
20131230 ,0,1,0,0
20140106 ,0,0,0,1
20140107 ,0,0,1,0
20140108 ,1,0,0,0
20140109 ,0,0,0,1
20140110 ,0,1,0,0
20140114 ,0,0,0,1
20140115 ,1,0,0,0
20140116 ,0,0,1,0
20140117 ,0,0,1,0
20140120 ,0,0,1,0
20140121 ,0,1,0,0
20140122 ,0,1,0,0
20140123 ,0,0,1,0
20140124 ,0,0,0,1
20140127 ,0,0,0,1
20140128 ,0,0,1,0
20140129 ,1,0,0,0
20140130 ,0,0,0,1
20140131 ,0,0,1,0
20140203 ,0,0,0,1
20140204 ,0,0,0,1
20140205 ,1,0,0,0
20140206 ,0,0,1,0
20140207 ,1,0,0,0
20140210 ,1,0,0,0
20140212 ,0,1,0,0
20140213 ,0,0,0,1
20140214 ,0,0,0,1
20140217 ,0,1,0,0
20140218 ,1,0,0,0
20140219 ,0,0,1,0
20140220 ,0,0,0,1
20140221 ,1,0,0,0
20140224 ,0,0,1,0
20140225 ,1,0,0,0
20140226 ,0,0,1,0
20140227 ,0,0,1,0
20140228 ,0,0,1,0
20140303 ,0,0,0,1
20140304 ,0,1,0,0
20140305 ,1,0,0,0
20140306 ,1,0,0,0
20140307 ,0,1,0,0
20140310 ,0,0,0,1
20140311 ,0,1,0,0
20140312 ,0,0,0,1
20140313 ,0,0,1,0
20140314 ,0,0,0,1
20140317 ,0,0,1,0
20140318 ,0,1,0,0
20140319 ,0,1,0,0
20140320 ,0,0,0,1
20140324 ,1,0,0,0
20140325 ,0,0,1,0
20140326 ,0,1,0,0
20140327 ,1,0,0,0
20140328 ,0,1,0,0
20140331 ,0,1,0,0
20140401 ,0,0,1,0
20140402 ,1,0,0,0
20140403 ,0,1,0,0
20140404 ,0,0,1,0
20140407 ,0,0,0,1
20140408 ,0,0,0,1
20140409 ,0,0,0,1
20140410 ,0,1,0,0
20140411 ,0,0,0,1
20140414 ,0,0,1,0
20140415 ,0,1,0,0
20140416 ,1,0,0,0
20140417 ,0,0,1,0
20140418 ,0,1,0,0
20140421 ,0,0,1,0
20140422 ,0,0,1,0
20140423 ,1,0,0,0
20140424 ,0,0,1,0
20140425 ,0,1,0,0
20140428 ,0,0,1,0
20140430 ,0,1,0,0
20140501 ,1,0,0,0
20140502 ,0,0,1,0
20140507 ,0,0,0,1
20140508 ,0,1,0,0
20140509 ,0,1,0,0
20140512 ,0,0,1,0
20140513 ,1,0,0,0
20140514 ,0,0,1,0
20140515 ,0,0,1,0
20140516 ,0,0,0,1
20140519 ,0,0,1,0
20140520 ,0,1,0,0
20140521 ,0,0,1,0
20140522 ,1,0,0,0
20140523 ,0,1,0,0
20140526 ,0,1,0,0
20140527 ,0,1,0,0
20140528 ,0,1,0,0
20140529 ,0,1,0,0
20140530 ,0,0,1,0
20140602 ,1,0,0,0
20140603 ,0,1,0,0
20140604 ,0,1,0,0
20140605 ,0,1,0,0
20140606 ,0,0,1,0
20140609 ,0,1,0,0
20140610 ,0,0,1,0
20140611 ,0,1,0,0
20140612 ,0,0,1,0
20140613 ,0,1,0,0
20140616 ,0,0,0,1
20140617 ,0,1,0,0
20140618 ,0,1,0,0
20140619 ,1,0,0,0
20140620 ,0,0,1,0
20140623 ,0,1,0,0
20140624 ,0,1,0,0
20140625 ,0,0,1,0
20140626 ,0,1,0,0
20140627 ,0,0,0,1
20140630 ,0,1,0,0
20140701 ,1,0,0,0
20140702 ,0,1,0,0
20140703 ,0,0,1,0
20140704 ,0,1,0,0
20140707 ,0,0,1,0
20140708 ,0,0,1,0
20140709 ,0,0,1,0
20140710 ,0,0,1,0
20140711 ,0,0,1,0
20140714 ,0,1,0,0
20140715 ,0,1,0,0
20140716 ,0,0,1,0
20140717 ,0,0,1,0
20140718 ,0,0,0,1
20140722 ,0,1,0,0
20140723 ,0,0,1,0
20140724 ,0,0,1,0
20140725 ,1,0,0,0
20140728 ,0,1,0,0
20140729 ,0,1,0,0
20140730 ,0,1,0,0
20140731 ,0,0,1,0
20140801 ,0,0,1,0
20140804 ,0,0,1,0
20140805 ,0,0,0,1
20140806 ,0,0,0,1
20140807 ,0,1,0,0
20140808 ,0,0,0,1
20140811 ,1,0,0,0
20140812 ,0,1,0,0
20140813 ,0,1,0,0
20140814 ,0,1,0,0
20140815 ,0,1,0,0
20140818 ,0,1,0,0
20140819 ,0,1,0,0
20140820 ,0,1,0,0
20140821 ,0,1,0,0
20140822 ,0,0,1,0
20140825 ,0,1,0,0
20140826 ,0,0,1,0
20140827 ,0,1,0,0
20140828 ,0,0,1,0
20140829 ,0,0,1,0
20140901 ,0,1,0,0
20140902 ,1,0,0,0
20140903 ,0,1,0,0
20140904 ,0,0,1,0
20140905 ,0,0,1,0
20140908 ,0,1,0,0
20140909 ,0,1,0,0
20140910 ,0,1,0,0
20140911 ,0,1,0,0
20140912 ,0,1,0,0
20140916 ,0,0,1,0
20140917 ,0,0,1,0
20140918 ,1,0,0,0
20140919 ,1,0,0,0
20140922 ,0,0,1,0
20140924 ,0,0,1,0
20140925 ,1,0,0,0
20140926 ,0,0,1,0
20140929 ,0,1,0,0
20140930 ,0,0,1,0
20141001 ,0,0,1,0
20141002 ,0,0,0,1
20141003 ,0,1,0,0
20141006 ,1,0,0,0
20141007 ,0,0,1,0
20141008 ,0,0,0,1
20141009 ,0,0,1,0
20141010 ,0,0,0,1
20141014 ,0,0,0,1
20141015 ,0,1,0,0
20141016 ,0,0,0,1
20141017 ,0,0,0,1
20141020 ,1,0,0,0
20141021 ,0,0,0,1
20141022 ,1,0,0,0
20141023 ,0,0,1,0
20141024 ,1,0,0,0
20141027 ,0,1,0,0
20141028 ,0,0,1,0
20141029 ,1,0,0,0
20141030 ,0,1,0,0
20141031 ,1,0,0,0
20141104 ,1,0,0,0
20141105 ,0,1,0,0
20141106 ,0,0,1,0
20141107 ,0,1,0,0
20141110 ,0,0,1,0
20141111 ,1,0,0,0
20141112 ,0,1,0,0
20141113 ,1,0,0,0
20141114 ,0,1,0,0
20141117 ,0,0,0,1
20141118 ,1,0,0,0
20141119 ,0,0,1,0
20141120 ,0,1,0,0
20141121 ,0,1,0,0
20141125 ,0,1,0,0
20141126 ,0,0,1,0
20141127 ,0,0,1,0
20141128 ,1,0,0,0
20141201 ,0,1,0,0
20141202 ,0,1,0,0
20141203 ,0,1,0,0
20141204 ,0,1,0,0
20141205 ,0,1,0,0
20141208 ,0,1,0,0
20141209 ,0,0,1,0
20141210 ,0,0,0,1
20141211 ,0,0,1,0
20141212 ,0,1,0,0
20141215 ,0,0,0,1
20141216 ,0,0,0,1
20141217 ,0,1,0,0
20141218 ,1,0,0,0
20141219 ,1,0,0,0
20141222 ,0,1,0,0
20141224 ,1,0,0,0
20141225 ,0,0,1,0
20141226 ,0,1,0,0
20141229 ,0,0,1,0
20141230 ,0,0,0,1
20150105 ,0,0,1,0
20150106 ,0,0,0,1
20150107 ,0,1,0,0
20150108 ,1,0,0,0
20150109 ,0,1,0,0
20150113 ,0,0,1,0
20150114 ,0,0,0,1
20150115 ,1,0,0,0
20150116 ,0,0,0,1
20150119 ,0,1,0,0
20150120 ,1,0,0,0
20150121 ,0,0,1,0
20150122 ,0,1,0,0
20150123 ,1,0,0,0
20150126 ,0,0,1,0
20150127 ,1,0,0,0
20150128 ,0,1,0,0
20150129 ,0,0,0,1
20150130 ,0,1,0,0
20150202 ,0,0,1,0
20150203 ,0,0,0,1
20150204 ,1,0,0,0
20150205 ,0,0,1,0
20150206 ,0,1,0,0
20150209 ,0,1,0,0
20150210 ,0,0,1,0
20150212 ,1,0,0,0
20150213 ,0,0,1,0
20150216 ,0,1,0,0
20150217 ,0,0,1,0
20150218 ,1,0,0,0
20150219 ,0,1,0,0
20150220 ,0,1,0,0
20150223 ,0,1,0,0
20150224 ,0,1,0,0
20150225 ,0,0,1,0
20150226 ,1,0,0,0
20150227 ,0,1,0,0
20150302 ,0,1,0,0
20150303 ,0,0,1,0
20150304 ,0,0,1,0
20150305 ,0,1,0,0
20150306 ,1,0,0,0
20150309 ,0,0,1,0
20150310 ,0,0,1,0
20150311 ,0,1,0,0
20150312 ,1,0,0,0
20150313 ,1,0,0,0
20150316 ,0,0,1,0
20150317 ,0,1,0,0
20150318 ,0,1,0,0
20150319 ,0,0,1,0
20150320 ,0,1,0,0
20150323 ,0,1,0,0
20150324 ,0,0,1,0
20150325 ,0,1,0,0
20150326 ,0,0,0,1
20150327 ,0,0,1,0
20150330 ,0,1,0,0
20150331 ,0,0,0,1
20150401 ,0,0,1,0
20150402 ,1,0,0,0
20150403 ,0,1,0,0
20150406 ,0,0,1,0
20150407 ,1,0,0,0
20150408 ,0,1,0,0
20150409 ,0,1,0,0
20150410 ,0,0,1,0
20150413 ,0,0,1,0
20150414 ,0,1,0,0
20150415 ,0,0,1,0
20150416 ,0,1,0,0
20150417 ,0,0,0,1
20150420 ,0,0,1,0
20150421 ,1,0,0,0
20150422 ,1,0,0,0
20150423 ,0,1,0,0
20150424 ,0,0,1,0
20150427 ,0,0,1,0
20150428 ,0,1,0,0
20150430 ,0,0,0,1
20150501 ,0,1,0,0
20150507 ,0,0,0,1
20150508 ,0,1,0,0
20150511 ,1,0,0,0
20150512 ,0,1,0,0
20150513 ,0,1,0,0
20150514 ,0,0,1,0
20150515 ,0,1,0,0
20150518 ,0,1,0,0
20150519 ,0,1,0,0
20150520 ,0,1,0,0
20150521 ,0,1,0,0
20150522 ,0,1,0,0
20150525 ,0,1,0,0
20150526 ,0,1,0,0
20150527 ,0,1,0,0
20150528 ,0,1,0,0
20150529 ,0,1,0,0
20150601 ,0,1,0,0
20150602 ,0,0,1,0
20150603 ,0,0,1,0
20150604 ,0,1,0,0
20150605 ,0,0,1,0
20150608 ,0,0,1,0
20150609 ,0,0,0,1
20150610 ,0,0,1,0
20150611 ,1,0,0,0
20150612 ,0,1,0,0
20150615 ,0,0,1,0
20150616 ,0,0,1,0
20150617 ,0,0,1,0
20150618 ,0,0,0,1
20150619 ,0,1,0,0
20150622 ,1,0,0,0
20150623 ,1,0,0,0
20150624 ,0,1,0,0
20150625 ,0,0,1,0
20150626 ,0,0,1,0
20150629 ,0,0,0,1
20150630 ,0,1,0,0
20150701 ,0,1,0,0
20150702 ,0,1,0,0
20150703 ,0,1,0,0
20150706 ,0,0,0,1
20150707 ,1,0,0,0
20150708 ,0,0,0,1
20150709 ,0,1,0,0
20150710 ,0,0,1,0
20150713 ,1,0,0,0
20150714 ,1,0,0,0
20150715 ,0,1,0,0
20150716 ,0,1,0,0
20150717 ,0,1,0,0
20150721 ,0,1,0,0
20150722 ,0,0,0,1
20150723 ,0,1,0,0
20150724 ,0,0,1,0
20150727 ,0,0,1,0
20150728 ,0,0,1,0
20150729 ,0,0,1,0
20150730 ,1,0,0,0
20150731 ,0,1,0,0
20150803 ,0,0,1,0
20150804 ,0,0,1,0
20150805 ,0,1,0,0
20150806 ,0,1,0,0
20150807 ,0,1,0,0
20150810 ,0,1,0,0
20150811 ,0,0,1,0
20150812 ,0,0,0,1
20150813 ,0,1,0,0
20150814 ,0,0,1,0
20150817 ,0,1,0,0
20150818 ,0,0,1,0
20150819 ,0,0,0,1
20150820 ,0,0,1,0
20150821 ,0,0,0,1
20150824 ,0,0,0,1
20150825 ,0,0,0,1
20150826 ,1,0,0,0
20150827 ,1,0,0,0
20150828 ,1,0,0,0
20150831 ,0,0,0,1
20150901 ,0,0,0,1
20150902 ,0,0,1,0
20150903 ,0,1,0,0
20150904 ,0,0,0,1
20150907 ,0,1,0,0
20150908 ,0,0,0,1
20150909 ,1,0,0,0
20150910 ,0,0,0,1
20150911 ,0,0,1,0
20150914 ,0,0,0,1
20150915 ,0,1,0,0
20150916 ,0,1,0,0
20150917 ,1,0,0,0
20150918 ,0,0,0,1
20150924 ,0,0,0,1
20150925 ,1,0,0,0
20150928 ,0,0,0,1
20150929 ,0,0,0,1
20150930 ,1,0,0,0
20151001 ,1,0,0,0
20151002 ,0,1,0,0
20151005 ,1,0,0,0
20151006 ,0,1,0,0
20151007 ,0,1,0,0
20151008 ,0,0,1,0
20151009 ,1,0,0,0
20151013 ,0,0,0,1
20151014 ,0,0,0,1
20151015 ,1,0,0,0
20151016 ,1,0,0,0
20151019 ,0,0,1,0
20151020 ,0,1,0,0
20151021 ,1,0,0,0
20151022 ,0,0,1,0
20151023 ,1,0,0,0
20151026 ,0,1,0,0
20151027 ,0,0,1,0
20151028 ,0,1,0,0
20151029 ,0,1,0,0
20151030 ,0,1,0,0
20151102 ,0,0,0,1
20151104 ,1,0,0,0
20151105 ,0,1,0,0
20151106 ,0,1,0,0
20151109 ,1,0,0,0
20151110 ,0,1,0,0
20151111 ,0,1,0,0
20151112 ,0,1,0,0
20151113 ,0,0,1,0
20151116 ,0,0,0,1
20151117 ,1,0,0,0
20151118 ,0,1,0,0
20151119 ,1,0,0,0
20151120 ,0,1,0,0
20151124 ,0,1,0,0
20151125 ,0,0,1,0
20151126 ,0,1,0,0
20151127 ,0,0,1,0
20151130 ,0,0,1,0
20151201 ,1,0,0,0
20151202 ,0,0,1,0
20151203 ,0,1,0,0
20151204 ,0,0,0,1
20151207 ,0,1,0,0
20151208 ,0,0,0,1
20151209 ,0,0,1,0
20151210 ,0,0,0,1
20151211 ,0,1,0,0
20151214 ,0,0,0,1
20151215 ,0,0,0,1
20151216 ,1,0,0,0
20151217 ,1,0,0,0
20151218 ,0,0,0,1
20151221 ,0,0,1,0
20151222 ,0,0,1,0
20151224 ,0,0,1,0
20151225 ,0,0,1,0
20151228 ,0,1,0,0
20151229 ,0,1,0,0
20151230 ,0,1,0,0
20160104 ,0,0,0,1
20160105 ,0,0,1,0
20160106 ,0,0,1,0
20160107 ,0,0,0,1
20160108 ,0,0,1,0
20160112 ,0,0,0,1
20160113 ,1,0,0,0
20160114 ,0,0,0,1
20160115 ,0,0,1,0
20160118 ,0,0,0,1
20160119 ,0,1,0,0
20160120 ,0,0,0,1
20160121 ,0,0,0,1
20160122 ,1,0,0,0
20160125 ,0,1,0,0
20160126 ,0,0,0,1
20160127 ,1,0,0,0
20160128 ,0,0,1,0
20160129 ,1,0,0,0
20160201 ,1,0,0,0
20160202 ,0,0,1,0
20160203 ,0,0,0,1
20160204 ,0,0,1,0
20160205 ,0,0,0,1
20160208 ,1,0,0,0
20160209 ,0,0,0,1
20160210 ,0,0,0,1
20160212 ,0,0,0,1
20160215 ,1,0,0,0
20160216 ,0,1,0,0
20160217 ,0,0,0,1
20160218 ,1,0,0,0
20160219 ,0,0,0,1
20160222 ,0,1,0,0
20160223 ,0,0,1,0
20160224 ,0,0,1,0
20160225 ,1,0,0,0
20160226 ,0,1,0,0
20160229 ,0,0,0,1
20160301 ,0,1,0,0
20160302 ,1,0,0,0
20160303 ,1,0,0,0
20160304 ,0,1,0,0
20160307 ,0,0,1,0
20160308 ,0,0,1,0
20160309 ,0,0,1,0
20160310 ,1,0,0,0
20160311 ,0,1,0,0
20160314 ,1,0,0,0
20160315 ,0,0,1,0
20160316 ,0,0,1,0
20160317 ,0,0,1,0
20160318 ,0,0,0,1
20160322 ,1,0,0,0
20160323 ,0,0,1,0
20160324 ,0,0,1,0
20160325 ,0,1,0,0
20160328 ,0,1,0,0
20160329 ,0,0,1,0
20160330 ,0,0,0,1
20160331 ,0,0,1,0
20160401 ,0,0,0,1
20160404 ,0,0,1,0
20160405 ,0,0,0,1
20160406 ,0,0,1,0
20160407 ,0,1,0,0
20160408 ,0,1,0,0
20160411 ,0,0,1,0
20160412 ,1,0,0,0
20160413 ,1,0,0,0
20160414 ,1,0,0,0
20160415 ,0,0,1,0
20160418 ,0,0,0,1
20160419 ,1,0,0,0
20160420 ,0,1,0,0
20160421 ,1,0,0,0
20160422 ,1,0,0,0
20160425 ,0,0,1,0
20160426 ,0,0,1,0
20160427 ,0,0,1,0
20160428 ,0,0,0,1
20160502 ,0,0,0,1
20160506 ,0,0,1,0
20160509 ,0,1,0,0
20160510 ,1,0,0,0
20160511 ,0,1,0,0
20160512 ,0,1,0,0
20160513 ,0,0,0,1
20160516 ,0,1,0,0
20160517 ,1,0,0,0
20160518 ,0,0,1,0
20160519 ,0,1,0,0
20160520 ,0,1,0,0
20160523 ,0,0,1,0
20160524 ,0,0,1,0
20160525 ,1,0,0,0
20160526 ,0,1,0,0
20160527 ,0,1,0,0
20160530 ,1,0,0,0
20160531 ,0,1,0,0
20160601 ,0,0,0,1
20160602 ,0,0,0,1
20160603 ,0,1,0,0
20160606 ,0,0,1,0
20160607 ,0,1,0,0
20160608 ,0,1,0,0
20160609 ,0,0,1,0
20160610 ,0,0,1,0
20160613 ,0,0,0,1
20160614 ,0,0,0,1
20160615 ,0,1,0,0
20160616 ,0,0,0,1
20160617 ,1,0,0,0
20160620 ,1,0,0,0
20160621 ,1,0,0,0
20160622 ,0,0,1,0
20160623 ,1,0,0,0
20160624 ,0,0,0,1
20160627 ,1,0,0,0
20160628 ,0,1,0,0
20160629 ,1,0,0,0
20160630 ,0,1,0,0
20160701 ,0,1,0,0
20160704 ,0,1,0,0
20160705 ,0,0,1,0
20160706 ,0,0,0,1
20160707 ,0,0,1,0
20160708 ,0,0,0,1
20160711 ,1,0,0,0
20160712 ,1,0,0,0
20160713 ,0,1,0,0
20160714 ,0,1,0,0
20160715 ,0,1,0,0
20160719 ,1,0,0,0
20160720 ,0,0,1,0
20160721 ,0,1,0,0
20160722 ,0,0,0,1
20160725 ,0,0,1,0
20160726 ,0,0,0,1
20160727 ,1,0,0,0
20160728 ,0,0,0,1
20160729 ,0,1,0,0
20160801 ,0,1,0,0
20160802 ,0,0,0,1
20160803 ,0,0,0,1
20160804 ,1,0,0,0
20160805 ,0,0,1,0
20160808 ,1,0,0,0
20160809 ,0,1,0,0
20160810 ,0,0,1,0
20160812 ,1,0,0,0
20160815 ,0,0,1,0
20160816 ,0,0,0,1
20160817 ,0,1,0,0
20160818 ,0,0,0,1
20160819 ,0,1,0,0
20160822 ,0,1,0,0
20160823 ,0,0,1,0
20160824 ,0,1,0,0
20160825 ,0,0,1,0
20160826 ,0,0,0,1
20160829 ,1,0,0,0
20160830 ,0,0,1,0
20160831 ,0,1,0,0
20160901 ,0,1,0,0
20160902 ,0,0,1,0
20160905 ,0,1,0,0
20160906 ,0,1,0,0
20160907 ,0,0,1,0
20160908 ,0,0,1,0
20160909 ,0,1,0,0
20160912 ,0,0,0,1
20160913 ,0,1,0,0
20160914 ,0,0,1,0
20160915 ,0,0,0,1
20160916 ,0,1,0,0
20160920 ,0,0,1,0
20160921 ,1,0,0,0
20160923 ,0,0,1,0
20160926 ,0,0,0,1
20160927 ,0,1,0,0
20160928 ,0,0,0,1
20160929 ,1,0,0,0
20160930 ,0,0,0,1
20161003 ,0,1,0,0
20161004 ,0,1,0,0
20161005 ,0,1,0,0
20161006 ,0,1,0,0
20161007 ,0,0,1,0
20161011 ,0,1,0,0
20161012 ,0,0,0,1
20161013 ,0,0,1,0
20161014 ,0,1,0,0
20161017 ,0,1,0,0
20161018 ,0,1,0,0
20161019 ,0,1,0,0
20161020 ,1,0,0,0
20161021 ,0,0,1,0
20161024 ,0,1,0,0
20161025 ,0,1,0,0
20161026 ,0,1,0,0
20161027 ,0,0,1,0
20161028 ,0,1,0,0
20161031 ,0,0,1,0
20161101 ,0,1,0,0
20161102 ,0,0,0,1
20161104 ,0,0,0,1
20161107 ,1,0,0,0
20161108 ,0,0,1,0
20161109 ,0,0,0,1
20161110 ,1,0,0,0
20161111 ,0,1,0,0
20161114 ,1,0,0,0
20161115 ,0,0,1,0
20161116 ,1,0,0,0
20161117 ,0,1,0,0
20161118 ,0,1,0,0
20161121 ,0,1,0,0
20161122 ,0,1,0,0
20161124 ,0,1,0,0
20161125 ,0,1,0,0
20161128 ,0,0,1,0
20161129 ,0,0,1,0
20161130 ,0,1,0,0
20161201 ,1,0,0,0
20161202 ,0,0,1,0
20161205 ,0,0,1,0
20161206 ,0,1,0,0
20161207 ,0,1,0,0
20161208 ,1,0,0,0
20161209 ,1,0,0,0
20161212 ,0,1,0,0
20161213 ,0,1,0,0
20161214 ,0,1,0,0
20161215 ,0,1,0,0
20161216 ,0,1,0,0
20161219 ,0,0,1,0
20161220 ,0,1,0,0
20161221 ,0,0,1,0
20161222 ,0,0,1,0
20161226 ,0,0,1,0
20161227 ,0,1,0,0
20161228 ,0,0,1,0
20161229 ,0,0,0,1
20161230 ,0,0,1,0
20170104 ,1,0,0,0
20170105 ,0,0,1,0
20170106 ,0,0,1,0
20170110 ,0,0,1,0
20170111 ,0,1,0,0
20170112 ,0,0,0,1
20170113 ,0,1,0,0
20170116 ,0,0,0,1
20170117 ,0,0,0,1
20170118 ,0,1,0,0
20170119 ,0,1,0,0
20170120 ,0,1,0,0
20170123 ,0,0,0,1
20170124 ,0,0,1,0
20170125 ,1,0,0,0
20170126 ,1,0,0,0
20170127 ,0,1,0,0
20170130 ,0,0,1,0
20170131 ,0,0,0,1
20170201 ,0,1,0,0
20170202 ,0,0,0,1
20170203 ,0,1,0,0
20170206 ,0,1,0,0
20170207 ,0,0,1,0
20170208 ,0,1,0,0
20170209 ,0,0,1,0
20170210 ,1,0,0,0
20170213 ,0,1,0,0
20170214 ,0,0,0,1
20170215 ,1,0,0,0
20170216 ,0,0,1,0
20170217 ,0,0,1,0
20170220 ,0,1,0,0
20170221 ,0,1,0,0
20170222 ,0,0,1,0
20170223 ,0,0,1,0
20170224 ,0,0,1,0
20170227 ,0,0,1,0
20170228 ,0,1,0,0
20170301 ,1,0,0,0
20170302 ,0,1,0,0
20170303 ,0,0,1,0
20170306 ,0,0,1,0
20170307 ,0,0,1,0
20170308 ,0,0,1,0
20170309 ,0,1,0,0
20170310 ,1,0,0,0
20170313 ,0,1,0,0
20170314 ,0,0,1,0
20170315 ,0,0,1,0
20170316 ,0,1,0,0
20170317 ,0,0,1,0
20170321 ,0,0,1,0
20170322 ,0,0,0,1
20170323 ,0,1,0,0
20170324 ,0,1,0,0
20170327 ,0,0,0,1
20170328 ,1,0,0,0
20170329 ,0,1,0,0
20170330 ,0,0,1,0
20170331 ,0,0,1,0
20170403 ,0,1,0,0
20170404 ,0,0,1,0
20170405 ,0,1,0,0
20170406 ,0,0,0,1
20170407 ,0,1,0,0
20170410 ,0,1,0,0
20170411 ,0,0,1,0
20170412 ,0,0,0,1
20170413 ,0,0,1,0
20170414 ,0,0,1,0
20170417 ,0,1,0,0
20170418 ,0,1,0,0
20170419 ,0,1,0,0
20170420 ,0,0,1,0
20170421 ,1,0,0,0
20170424 ,1,0,0,0
20170425 ,1,0,0,0
20170426 ,1,0,0,0
20170427 ,0,0,1,0
20170428 ,0,0,1,0
20170501 ,0,1,0,0
20170502 ,0,1,0,0
20170508 ,1,0,0,0
20170509 ,0,0,1,0
20170510 ,0,1,0,0
20170511 ,0,1,0,0
20170512 ,0,0,1,0
20170515 ,0,0,1,0
20170516 ,0,1,0,0
20170517 ,0,0,1,0
20170518 ,0,0,0,1
20170519 ,0,1,0,0
20170522 ,0,1,0,0
20170523 ,0,0,1,0
20170524 ,0,1,0,0
20170525 ,0,1,0,0
20170526 ,0,0,1,0
20170529 ,0,0,1,0
20170530 ,0,0,1,0
20170531 ,0,0,1,0
20170601 ,1,0,0,0
20170602 ,1,0,0,0
20170605 ,0,0,1,0
20170606 ,0,0,1,0
20170607 ,0,1,0,0
20170608 ,0,0,1,0
20170609 ,0,1,0,0
20170612 ,0,0,1,0
20170613 ,0,0,1,0
20170614 ,0,0,1,0
20170615 ,0,0,1,0
20170616 ,0,1,0,0
20170619 ,0,1,0,0
20170620 ,0,1,0,0
20170621 ,0,0,1,0
20170622 ,0,0,1,0
20170623 ,0,1,0,0
20170626 ,0,1,0,0
20170627 ,0,1,0,0
20170628 ,0,0,1,0
20170629 ,0,1,0,0
20170630 ,0,0,1,0
20170703 ,0,1,0,0
20170704 ,0,0,1,0
20170705 ,0,1,0,0
20170706 ,0,0,1,0
20170707 ,0,0,1,0
20170710 ,0,1,0,0
20170711 ,0,1,0,0
20170712 ,0,0,1,0
20170713 ,0,1,0,0
20170714 ,0,1,0,0
20170717 ,0,0,1,0
20170718 ,0,0,1,0
20170719 ,0,1,0,0
20170720 ,0,1,0,0
20170721 ,0,0,1,0
20170724 ,0,0,1,0
20170725 ,0,0,1,0
20170726 ,0,1,0,0
20170727 ,0,1,0,0
20170728 ,0,0,1,0
20170731 ,0,0,1,0
20170801 ,0,1,0,0
20170802 ,0,1,0,0
20170803 ,0,0,1,0
20170804 ,0,0,1,0
20170807 ,0,1,0,0
20170808 ,0,0,1,0
20170809 ,0,0,0,1
20170810 ,0,0,1,0
20170814 ,0,0,1,0
20170815 ,1,0,0,0
20170816 ,0,0,1,0
20170817 ,0,0,1,0
20170818 ,0,0,0,1
20170821 ,0,0,1,0
20170822 ,0,0,1,0
20170823 ,0,1,0,0
20170824 ,0,0,1,0
20170825 ,0,1,0,0
20170828 ,0,0,1,0
20170829 ,0,0,1,0
20170830 ,0,1,0,0
20170831 ,0,1,0,0
20170901 ,0,1,0,0
20170904 ,0,0,1,0
20170905 ,0,0,1,0
20170906 ,0,0,1,0
20170907 ,0,1,0,0
20170908 ,0,0,1,0
20170911 ,1,0,0,0
20170912 ,1,0,0,0
20170913 ,0,1,0,0
20170914 ,0,0,1,0
20170915 ,0,1,0,0
20170918 ,1,0,0,0
20170919 ,0,1,0,0
20170920 ,0,1,0,0
20170921 ,0,1,0,0
20170922 ,0,0,1,0
20170925 ,0,1,0,0
20170926 ,0,0,1,0
20170927 ,0,0,1,0
20170928 ,0,1,0,0
20170929 ,0,0,1,0
20171002 ,0,1,0,0
20171003 ,1,0,0,0
20171004 ,0,1,0,0
20171005 ,0,1,0,0
20171006 ,0,1,0,0
20171010 ,0,1,0,0
20171011 ,0,1,0,0
20171012 ,0,1,0,0
20171013 ,0,1,0,0
20171016 ,0,1,0,0
20171017 ,0,1,0,0
20171018 ,0,1,0,0
20171019 ,0,1,0,0
20171020 ,0,1,0,0
20171023 ,1,0,0,0
20171024 ,0,1,0,0
20171025 ,0,0,1,0
20171026 ,0,1,0,0
20171027 ,1,0,0,0
20171030 ,0,1,0,0
20171031 ,0,0,1,0
20171101 ,1,0,0,0
20171102 ,0,1,0,0
20171106 ,0,1,0,0
20171107 ,1,0,0,0
20171108 ,0,0,1,0
20171109 ,0,0,1,0
20171110 ,0,0,1,0
20171113 ,0,0,0,1
20171114 ,0,0,1,0
20171115 ,0,0,0,1
20171116 ,1,0,0,0
20171117 ,0,1,0,0
20171120 ,0,0,1,0
20171121 ,0,1,0,0
20171122 ,0,1,0,0
20171124 ,0,1,0,0
20171127 ,0,0,1,0
20171128 ,0,0,1,0
20171129 ,0,1,0,0
20171130 ,0,1,0,0
20171201 ,0,1,0,0
20171204 ,0,0,1,0
20171205 ,0,0,1,0
20171206 ,0,0,0,1
20171207 ,1,0,0,0
20171208 ,1,0,0,0
20171211 ,0,1,0,0
20171212 ,0,0,1,0
20171213 ,0,0,1,0
20171214 ,0,0,1,0
20171215 ,0,0,1,0
20171218 ,1,0,0,0
20171219 ,0,0,1,0
20171220 ,0,1,0,0
20171221 ,0,0,1,0
20171222 ,0,1,0,0
20171225 ,0,1,0,0
20171226 ,0,0,1,0
20171227 ,0,1,0,0
20171228 ,0,0,1,0
20171229 ,0,0,1,0
20180104 ,1,0,0,0
20180105 ,0,1,0,0
20180109 ,0,1,0,0
20180110 ,0,0,1,0
20180111 ,0,0,1,0
20180112 ,0,0,1,0
20180115 ,0,1,0,0
20180116 ,0,1,0,0
20180117 ,0,0,1,0
20180118 ,0,0,1,0
20180119 ,0,1,0,0
20180122 ,0,1,0,0
20180123 ,1,0,0,0
20180124 ,0,0,1,0
20180125 ,0,0,0,1
20180126 ,0,0,1,0
20180129 ,0,0,1,0
20180130 ,0,0,0,1
20180131 ,0,0,1,0
20180201 ,1,0,0,0
20180202 ,0,0,1,0
20180205 ,0,0,0,1
20180206 ,0,0,0,1
20180207 ,0,1,0,0
20180208 ,1,0,0,0
20180209 ,0,0,0,1
20180213 ,0,0,1,0
20180214 ,0,0,1,0
20180215 ,1,0,0,0
20180216 ,1,0,0,0
20180219 ,1,0,0,0
20180220 ,0,0,0,1
20180221 ,0,1,0,0
20180222 ,0,0,0,1
20180223 ,0,1,0,0
20180226 ,1,0,0,0
20180227 ,1,0,0,0
20180228 ,0,0,0,1
20180301 ,0,0,0,1
20180302 ,0,0,0,1
20180305 ,0,0,1,0
20180306 ,1,0,0,0
20180307 ,0,0,1,0
