Date,NK_Close
2001/1/5,13867.61
2001/1/9,13610.51
2001/1/10,13432.65
2001/1/11,13201.07
2001/1/12,13347.74
2001/1/15,13506.23
2001/1/16,13584.45
2001/1/17,13667.63
2001/1/18,13873.92
2001/1/19,13989.12
2001/1/22,14032.42
2001/1/23,13984.66
2001/1/24,13893.58
2001/1/25,13803.38
2001/1/26,13696.06
2001/1/29,13845.28
2001/1/30,13826.65
2001/1/31,13843.55
2001/2/1,13779.55
2001/2/2,13703.63
2001/2/5,13385.52
2001/2/6,13269.85
2001/2/7,13366.01
2001/2/8,13138.23
2001/2/9,13422.83
2001/2/13,13274.7
2001/2/14,13284.06
2001/2/15,13327.39
2001/2/16,13175.49
2001/2/19,13119.59
2001/2/20,13248.36
2001/2/21,13100.08
2001/2/22,13073.36
2001/2/23,13246
2001/2/26,13201.14
2001/2/27,13059.86
2001/2/28,12883.54
2001/3/1,12681.66
2001/3/2,12261.8
2001/3/5,12322.16
2001/3/6,12687.74
2001/3/7,12723.89
2001/3/8,12650.56
2001/3/9,12627.9
2001/3/12,12171.37
2001/3/13,11819.7
2001/3/14,11843.59
2001/3/15,12152.83
2001/3/16,12232.98
2001/3/19,12190.97
2001/3/21,13103.94
2001/3/22,12853.97
2001/3/23,13214.54
2001/3/26,13862.31
2001/3/27,13638.33
2001/3/28,13765.51
2001/3/29,13072.36
2001/3/30,12999.7
2001/4/2,12937.86
2001/4/3,13124.47
2001/4/4,13242.78
2001/4/5,13381.38
2001/4/6,13383.76
2001/4/9,12841.76
2001/4/10,12620.27
2001/4/11,13174.93
2001/4/12,13352.44
2001/4/13,13385.72
2001/4/16,13254.89
2001/4/17,13067.09
2001/4/18,13641.79
2001/4/19,13868.28
2001/4/20,13765.67
2001/4/23,13715.6
2001/4/24,13743.18
2001/4/25,13827.5
2001/4/26,13973.03
2001/4/27,13934.32
2001/5/1,14425.46
2001/5/2,14421.64
2001/5/7,14529.41
2001/5/8,14289.05
2001/5/9,14084.85
2001/5/10,14017.79
2001/5/11,14043.92
2001/5/14,13873.02
2001/5/15,14054.03
2001/5/16,13694.27
2001/5/17,13910.67
2001/5/18,13877.77
2001/5/21,14176.83
2001/5/22,14091.19
2001/5/23,14067.7
2001/5/24,13895.79
2001/5/25,13765.92
2001/5/28,13737.77
2001/5/29,13773.89
2001/5/30,13493.35
2001/5/31,13262.14
2001/6/1,13261.84
2001/6/4,13312.35
2001/6/5,13182
2001/6/6,13174.84
2001/6/7,13277.51
2001/6/8,13430.22
2001/6/11,13226.48
2001/6/12,12840.1
2001/6/13,12823.45
2001/6/14,12846.66
2001/6/15,12790.38
2001/6/18,12697.79
2001/6/19,12574.26
2001/6/20,12674.64
2001/6/21,12962.43
2001/6/22,13044.61
2001/6/25,12896.47
2001/6/26,12978.82
2001/6/27,12828.98
2001/6/28,12679.88
2001/6/29,12969.05
2001/7/2,12751.18
2001/7/3,12817.41
2001/7/4,12629.02
2001/7/5,12607.3
2001/7/6,12306.08
2001/7/9,12239.68
2001/7/10,12300.41
2001/7/11,12005.11
2001/7/12,12407.95
2001/7/13,12355.15
2001/7/16,12343.37
2001/7/17,12128.57
2001/7/18,11892.58
2001/7/19,11908.39
2001/7/23,11609.63
2001/7/24,11883.25
2001/7/25,11891.61
2001/7/26,11858.56
2001/7/27,11798.08
2001/7/30,11579.27
2001/7/31,11860.77
2001/8/1,11959.33
2001/8/2,12399.2
2001/8/3,12241.97
2001/8/6,12243.9
2001/8/7,12319.46
2001/8/8,12163.67
2001/8/9,11754.56
2001/8/10,11735.06
2001/8/13,11477.56
2001/8/14,11917.95
2001/8/15,11755.4
2001/8/16,11515.02
2001/8/17,11445.54
2001/8/20,11257.94
2001/8/21,11280.38
2001/8/22,11396.43
2001/8/23,11126.92
2001/8/24,11166.31
2001/8/27,11275.01
2001/8/28,11189.4
2001/8/29,10979.76
2001/8/30,10938.45
2001/8/31,10713.51
2001/9/3,10409.68
2001/9/4,10772.59
2001/9/5,10598.79
2001/9/6,10650.33
2001/9/7,10516.79
2001/9/10,10195.69
2001/9/11,10292.95
2001/9/12,9610.1
2001/9/13,9613.09
2001/9/14,10008.89
2001/9/17,9504.41
2001/9/18,9679.88
2001/9/19,9939.6
2001/9/20,9785.16
2001/9/21,9554.99
2001/9/25,9693.97
2001/9/26,9641.7
2001/9/27,9696.53
2001/9/28,9774.68
2001/10/1,9972.28
2001/10/2,10136.56
2001/10/3,9924.23
2001/10/4,10205.48
2001/10/5,10205.87
2001/10/9,10011.77
2001/10/10,9964.88
2001/10/11,10347.01
2001/10/12,10632.35
2001/10/15,10452.54
2001/10/16,10637.82
2001/10/17,10755.45
2001/10/18,10474.85
2001/10/19,10538.79
2001/10/23,10861.56
2001/10/24,10802.15
2001/10/25,10880.1
2001/10/26,10795.16
2001/10/29,10612.31
2001/10/30,10512.82
2001/10/31,10366.34
2001/11/1,10347.28
2001/11/2,10383.78
2001/11/5,10447.54
2001/11/6,10633.72
2001/11/7,10284.98
2001/11/8,10431.79
2001/11/9,10215.71
2001/11/12,10081.56
2001/11/13,10030.56
2001/11/14,10086.76
2001/11/15,10489.89
2001/11/16,10649.09
2001/11/19,10727.94
2001/11/20,10575.62
2001/11/21,10661.08
2001/11/22,10696.82
2001/11/26,11064.3
2001/11/27,10948.89
2001/11/28,10624.81
2001/11/29,10655.96
2001/11/30,10697.44
2001/12/3,10370.62
2001/12/4,10452.65
2001/12/5,10713.81
2001/12/6,10857.28
2001/12/7,10796.89
2001/12/10,10571.01
2001/12/11,10473.91
2001/12/12,10801.52
2001/12/13,10433.45
2001/12/14,10511.65
2001/12/17,10323.35
2001/12/18,10432.17
2001/12/19,10471.93
2001/12/20,10434.52
2001/12/21,10335.45
2001/12/25,10254.81
2001/12/26,10192.57
2001/12/27,10457.61
2001/12/28,10542.62
2002/1/4,10871.49
2002/1/7,10942.36
2002/1/8,10695.6
2002/1/9,10663.98
2002/1/10,10538.43
2002/1/11,10441.59
2002/1/15,10208.05
2002/1/16,10177.58
2002/1/17,10128.18
2002/1/18,10293.32
2002/1/21,10280.25
2002/1/22,10050.98
2002/1/23,10040.91
2002/1/24,10074.05
2002/1/25,10144.14
2002/1/28,10220.85
2002/1/29,10026.03
2002/1/30,9919.48
2002/1/31,9997.8
2002/2/1,9791.43
2002/2/4,9631.93
2002/2/5,9475.6
2002/2/6,9420.85
2002/2/7,9583.27
2002/2/8,9686.06
2002/2/12,9877.99
2002/2/13,9968.35
2002/2/14,10081.09
2002/2/15,10048.1
2002/2/18,10093.25
2002/2/19,9847.16
2002/2/20,9834.13
2002/2/21,10295.42
2002/2/22,10356.78
2002/2/25,10296.47
2002/2/26,10202.63
2002/2/27,10573.09
2002/2/28,10587.83
2002/3/1,10812
2002/3/4,11450.22
2002/3/5,11348.45
2002/3/6,11358.53
2002/3/7,11648.34
2002/3/8,11885.79
2002/3/11,11919.3
2002/3/12,11607.33
2002/3/13,11415.31
2002/3/14,11568.82
2002/3/15,11648.01
2002/3/18,11498.38
2002/3/19,11792.82
2002/3/20,11526.78
2002/3/22,11345.08
2002/3/25,11261.09
2002/3/26,11207.92
2002/3/27,11323.68
2002/3/28,11333.11
2002/3/29,11024.94
2002/4/1,11028.7
2002/4/2,11204.49
2002/4/3,11400.71
2002/4/4,11379.2
2002/4/5,11335.49
2002/4/8,11352.89
2002/4/9,11114.49
2002/4/10,11218.58
2002/4/11,11147.27
2002/4/12,10962.98
2002/4/15,11137.3
2002/4/16,11346.66
2002/4/17,11543.71
2002/4/18,11575.73
2002/4/19,11512.01
2002/4/22,11721.64
2002/4/23,11736.83
2002/4/24,11672.88
2002/4/25,11648.72
2002/4/26,11541.39
2002/4/30,11492.54
2002/5/1,11552.79
2002/5/2,11551.01
2002/5/7,11316.04
2002/5/8,11520.75
2002/5/9,11633.3
2002/5/10,11531.11
2002/5/13,11336.95
2002/5/14,11356.19
2002/5/15,11642.97
2002/5/16,11738.69
2002/5/17,11847.32
2002/5/20,11856.54
2002/5/21,11801.16
2002/5/22,11961.98
2002/5/23,11979.85
2002/5/24,11976.28
2002/5/27,11976.35
2002/5/28,11936.08
2002/5/29,11853
2002/5/30,11770.03
2002/5/31,11763.7
2002/6/3,11901.39
2002/6/4,11653.07
2002/6/5,11663.87
2002/6/6,11574.94
2002/6/7,11438.53
2002/6/10,11370.21
2002/6/11,11449.44
2002/6/12,11327.06
2002/6/13,11144.84
2002/6/14,10920.63
2002/6/17,10664.11
2002/6/18,10839.93
2002/6/19,10476.18
2002/6/20,10612.98
2002/6/21,10354.35
2002/6/24,10471.32
2002/6/25,10496.67
2002/6/26,10074.56
2002/6/27,10261.6
2002/6/28,10621.84
2002/7/1,10595.44
2002/7/2,10622.32
2002/7/3,10812.3
2002/7/4,10632.81
2002/7/5,10826.09
2002/7/8,10769.2
2002/7/9,10960.25
2002/7/10,10752.66
2002/7/11,10485.74
2002/7/12,10601.45
2002/7/15,10375.15
2002/7/16,10250.42
2002/7/17,10296.02
2002/7/18,10498.26
2002/7/19,10202.36
2002/7/22,10189.01
2002/7/23,10215.63
2002/7/24,9947.72
2002/7/25,9929.91
2002/7/26,9591.03
2002/7/29,9666.67
2002/7/30,10003.72
2002/7/31,9877.94
2002/8/1,9793.51
2002/8/2,9709.66
2002/8/5,9704.93
2002/8/6,9501.02
2002/8/7,9834.4
2002/8/8,9799.57
2002/8/9,9999.79
2002/8/12,9747.82
2002/8/13,9688.61
2002/8/14,9638.41
2002/8/15,9795.57
2002/8/16,9788.13
2002/8/19,9599.1
2002/8/20,9620.69
2002/8/21,9642.61
2002/8/22,9814.02
2002/8/23,9867.45
2002/8/26,10067.74
2002/8/27,9907.3
2002/8/28,9766.73
2002/8/29,9620.14
2002/8/30,9619.3
2002/9/2,9521.63
2002/9/3,9217.04
2002/9/4,9075.09
2002/9/5,9222.12
2002/9/6,9129.07
2002/9/9,9306.26
2002/9/10,9309.31
2002/9/11,9400.08
2002/9/12,9415.23
2002/9/13,9241.93
2002/9/17,9543.94
2002/9/18,9472.06
2002/9/19,9669.62
2002/9/20,9481.08
2002/9/24,9321.64
2002/9/25,9165.41
2002/9/26,9320.92
2002/9/27,9530.44
2002/9/30,9383.29
2002/10/1,9162.26
2002/10/2,9049.33
2002/10/3,8936.43
2002/10/4,9027.55
2002/10/7,8688
2002/10/8,8708.9
2002/10/9,8539.34
2002/10/10,8439.62
2002/10/11,8529.61
2002/10/15,8836.73
2002/10/16,8884.87
2002/10/17,8959.88
2002/10/18,9086.13
2002/10/21,8978.41
2002/10/22,8689.39
2002/10/23,8714.52
2002/10/24,8614.3
2002/10/25,8726.29
2002/10/28,8757.51
2002/10/29,8708.76
2002/10/30,8756.59
2002/10/31,8640.48
2002/11/1,8685.72
2002/11/5,8937.56
2002/11/6,8953.29
2002/11/7,8920.44
2002/11/8,8690.77
2002/11/11,8460.37
2002/11/12,8464.77
2002/11/13,8438.52
2002/11/14,8303.39
2002/11/15,8503.59
2002/11/18,8346.01
2002/11/19,8365.26
2002/11/20,8459.62
2002/11/21,8668.06
2002/11/22,8772.56
2002/11/25,8944.44
2002/11/26,8823.99
2002/11/27,8875.88
2002/11/28,9176.78
2002/11/29,9215.56
2002/12/2,9174.47
2002/12/3,9205.11
2002/12/4,9006.73
2002/12/5,8917.57
2002/12/6,8863.26
2002/12/9,8828.05
2002/12/10,8804.52
2002/12/11,8727.66
2002/12/12,8708.69
2002/12/13,8516.07
2002/12/16,8450.94
2002/12/17,8510.73
2002/12/18,8344.01
2002/12/19,8387.57
2002/12/20,8406.88
2002/12/24,8512.37
2002/12/25,8501.14
2002/12/26,8700.1
2002/12/27,8714.05
2002/12/30,8578.95
2003/1/6,8713.33
2003/1/7,8656.5
2003/1/8,8517.8
2003/1/9,8497.93
2003/1/10,8470.45
2003/1/14,8553.06
2003/1/15,8611.75
2003/1/16,8609.17
2003/1/17,8690.25
2003/1/20,8558.82
2003/1/21,8708.58
2003/1/22,8611.04
2003/1/23,8790.92
2003/1/24,8731.65
2003/1/27,8609.47
2003/1/28,8525.39
2003/1/29,8331.08
2003/1/30,8316.81
2003/1/31,8339.94
2003/2/3,8500.79
2003/2/4,8484.9
2003/2/5,8549.85
2003/2/6,8484.19
2003/2/7,8448.16
2003/2/10,8484.93
2003/2/12,8664.17
2003/2/13,8599.66
2003/2/14,8701.92
2003/2/17,8771.89
2003/2/18,8692.97
2003/2/19,8678.44
2003/2/20,8650.92
2003/2/21,8513.54
2003/2/24,8564.95
2003/2/25,8360.49
2003/2/26,8356.81
2003/2/27,8359.38
2003/2/28,8363.04
2003/3/3,8490.4
2003/3/4,8480.22
2003/3/5,8472.62
2003/3/6,8369.15
2003/3/7,8144.12
2003/3/10,8042.26
2003/3/11,7862.43
2003/3/12,7943.04
2003/3/13,7868.56
2003/3/14,8002.69
2003/3/17,7871.64
2003/3/18,7954.46
2003/3/19,8051.04
2003/3/20,8195.05
2003/3/24,8435.07
2003/3/25,8238.76
2003/3/26,8351.92
2003/3/27,8368.67
2003/3/28,8280.16
2003/3/31,7972.71
2003/4/1,7986.72
2003/4/2,8069.85
2003/4/3,8017.75
2003/4/4,8074.12
2003/4/7,8249.98
2003/4/8,8131.41
2003/4/9,8057.61
2003/4/10,7980.12
2003/4/11,7816.49
2003/4/14,7752.1
2003/4/15,7838.83
2003/4/16,7879.49
2003/4/17,7821.9
2003/4/18,7874.51
2003/4/21,7969.08
2003/4/22,7790.46
2003/4/23,7793.38
2003/4/24,7854.57
2003/4/25,7699.5
2003/4/28,7607.88
2003/4/30,7831.42
2003/5/1,7863.29
2003/5/2,7907.19
2003/5/6,8083.56
2003/5/7,8109.77
2003/5/8,8031.55
2003/5/9,8152.16
2003/5/12,8221.12
2003/5/13,8190.26
2003/5/14,8244.91
2003/5/15,8123.4
2003/5/16,8117.29
2003/5/19,8039.13
2003/5/20,8059.48
2003/5/21,8018.51
2003/5/22,8051.66
2003/5/23,8184.76
2003/5/26,8227.32
2003/5/27,8120.24
2003/5/28,8234.18
2003/5/29,8375.36
2003/5/30,8424.51
2003/6/2,8547.17
2003/6/3,8564.49
2003/6/4,8557.86
2003/6/5,8657.23
2003/6/6,8785.87
2003/6/9,8822.73
2003/6/10,8789.09
2003/6/11,8890.3
2003/6/12,8918.6
2003/6/13,8980.64
2003/6/16,8839.83
2003/6/17,9033
2003/6/18,9092.97
2003/6/19,9110.51
2003/6/20,9120.39
2003/6/23,9137.14
2003/6/24,8919.26
2003/6/25,8932.26
2003/6/26,8923.41
2003/6/27,9104.06
2003/6/30,9083.11
2003/7/1,9278.49
2003/7/2,9592.24
2003/7/3,9624.8
2003/7/4,9547.73
2003/7/7,9795.16
2003/7/8,9898.72
2003/7/9,9990.95
2003/7/10,9955.62
2003/7/11,9635.35
2003/7/14,9755.63
2003/7/15,9751
2003/7/16,9735.97
2003/7/17,9498.86
2003/7/18,9527.73
2003/7/22,9485.97
2003/7/23,9615.34
2003/7/24,9671
2003/7/25,9648.01
2003/7/28,9839.91
2003/7/29,9834.31
2003/7/30,9632.66
2003/7/31,9563.21
2003/8/1,9611.67
2003/8/4,9452.79
2003/8/5,9382.58
2003/8/6,9323.91
2003/8/7,9265.56
2003/8/8,9327.53
2003/8/11,9487.8
2003/8/12,9564.81
2003/8/13,9752.75
2003/8/14,9913.47
2003/8/15,9863.47
2003/8/18,10032.97
2003/8/19,10174.1
2003/8/20,10292.06
2003/8/21,10362.69
2003/8/22,10281.17
2003/8/25,10276.64
2003/8/26,10332.57
2003/8/27,10308.99
2003/8/28,10225.22
2003/8/29,10343.55
2003/9/1,10670.18
2003/9/2,10690.08
2003/9/3,10715.69
2003/9/4,10646.95
2003/9/5,10650.77
2003/9/8,10683.76
2003/9/9,10922.04
2003/9/10,10856.32
2003/9/11,10546.33
2003/9/12,10712.81
2003/9/16,10887.03
2003/9/17,10990.11
2003/9/18,11033.32
2003/9/19,10938.42
2003/9/22,10475.1
2003/9/24,10502.29
2003/9/25,10310.04
2003/9/26,10318.44
2003/9/29,10229.57
2003/9/30,10219.05
2003/10/1,10361.24
2003/10/2,10593.53
2003/10/3,10709.29
2003/10/6,10740.14
2003/10/7,10820.33
2003/10/8,10542.2
2003/10/9,10531.44
2003/10/10,10786.04
2003/10/14,10966.43
2003/10/15,10899.95
2003/10/16,11025.15
2003/10/17,11037.89
2003/10/20,11161.71
2003/10/21,11031.52
2003/10/22,10889.62
2003/10/23,10335.16
2003/10/24,10335.7
2003/10/27,10454.12
2003/10/28,10561.01
2003/10/29,10739.22
2003/10/30,10695.56
2003/10/31,10559.59
2003/11/4,10847.97
2003/11/5,10837.54
2003/11/6,10552.3
2003/11/7,10628.98
2003/11/10,10504.54
2003/11/11,10207.04
2003/11/12,10226.22
2003/11/13,10337.67
2003/11/14,10167.06
2003/11/17,9786.83
2003/11/18,9897.05
2003/11/19,9614.6
2003/11/20,9865.7
2003/11/21,9852.83
2003/11/25,9960.2
2003/11/26,10144.83
2003/11/27,10163.38
2003/11/28,10100.57
2003/12/1,10403.27
2003/12/2,10410.15
2003/12/3,10326.39
2003/12/4,10429.99
2003/12/5,10373.46
2003/12/8,10045.34
2003/12/9,10124.28
2003/12/10,9910.56
2003/12/11,10075.14
2003/12/12,10169.66
2003/12/15,10490.77
2003/12/16,10271.6
2003/12/17,10092.64
2003/12/18,10104
2003/12/19,10284.54
2003/12/22,10372.51
2003/12/24,10371.27
2003/12/25,10365.35
2003/12/26,10417.41
2003/12/29,10500.62
2003/12/30,10676.64
2004/1/5,10825.17
2004/1/6,10813.99
2004/1/7,10757.82
2004/1/8,10837.65
2004/1/9,10965.05
2004/1/13,10849.68
2004/1/14,10863
2004/1/15,10665.15
2004/1/16,10857.2
2004/1/19,11036.33
2004/1/20,11103.1
2004/1/21,11002.39
2004/1/22,11000.7
2004/1/23,11069.01
2004/1/26,10972.6
2004/1/27,10928.03
2004/1/28,10852.47
2004/1/29,10779.44
2004/1/30,10783.61
2004/2/2,10776.73
2004/2/3,10641.92
2004/2/4,10447.25
2004/2/5,10464.6
2004/2/6,10460.92
2004/2/9,10402.61
2004/2/10,10365.4
2004/2/12,10459.26
2004/2/13,10557.69
2004/2/16,10548.72
2004/2/17,10701.13
2004/2/18,10676.81
2004/2/19,10753.8
2004/2/20,10720.69
2004/2/23,10868.96
2004/2/24,10644.13
2004/2/25,10658.73
2004/2/26,10815.29
2004/2/27,11041.92
2004/3/1,11271.12
2004/3/2,11361.51
2004/3/3,11351.92
2004/3/4,11401.79
2004/3/5,11537.29
2004/3/8,11502.86
2004/3/9,11532.04
2004/3/10,11433.24
2004/3/11,11297.04
2004/3/12,11162.75
2004/3/15,11317.9
2004/3/16,11242.29
2004/3/17,11436.86
2004/3/18,11484.28
2004/3/19,11418.51
2004/3/22,11318.51
2004/3/23,11281.09
2004/3/24,11364.99
2004/3/25,11530.91
2004/3/26,11770.65
2004/3/29,11718.24
2004/3/30,11693.68
2004/3/31,11715.39
2004/4/1,11683.42
2004/4/2,11815.95
2004/4/5,11958.32
2004/4/6,12079.7
2004/4/7,12019.62
2004/4/8,12092.59
2004/4/9,11897.51
2004/4/12,12042.7
2004/4/13,12127.82
2004/4/14,12098.18
2004/4/15,11800.4
2004/4/16,11824.56
2004/4/19,11764.21
2004/4/20,11952.26
2004/4/21,11944.3
2004/4/22,11980.1
2004/4/23,12120.66
2004/4/26,12163.89
2004/4/27,12044.88
2004/4/28,12004.29
2004/4/30,11761.79
2004/5/6,11571.34
2004/5/7,11438.82
2004/5/10,10884.7
2004/5/11,10907.18
2004/5/12,11153.58
2004/5/13,10825.1
2004/5/14,10849.63
2004/5/17,10505.05
2004/5/18,10711.09
2004/5/19,10967.74
2004/5/20,10862.04
2004/5/21,11070.25
2004/5/24,11101.64
2004/5/25,10962.93
2004/5/26,11152.09
2004/5/27,11166.03
2004/5/28,11309.57
2004/5/31,11236.37
2004/6/1,11296.76
2004/6/2,11242.34
2004/6/3,11027.05
2004/6/4,11128.05
2004/6/7,11439.92
2004/6/8,11521.93
2004/6/9,11449.74
2004/6/10,11575.97
2004/6/11,11526.82
2004/6/14,11491.66
2004/6/15,11387.7
2004/6/16,11641.72
2004/6/17,11607.9
2004/6/18,11382.08
2004/6/21,11600.16
2004/6/22,11581.27
2004/6/23,11580.56
2004/6/24,11744.15
2004/6/25,11780.4
2004/6/28,11884.06
2004/6/29,11860.81
2004/6/30,11858.87
2004/7/1,11896.01
2004/7/2,11721.49
2004/7/5,11541.71
2004/7/6,11475.27
2004/7/7,11384.86
2004/7/8,11322.23
2004/7/9,11423.53
2004/7/12,11582.28
2004/7/13,11608.62
2004/7/14,11356.65
2004/7/15,11409.14
2004/7/16,11436
2004/7/20,11258.37
2004/7/21,11433.86
2004/7/22,11285.04
2004/7/23,11187.33
2004/7/26,11159.55
2004/7/27,11031.54
2004/7/28,11204.37
2004/7/29,11116.84
2004/7/30,11325.78
2004/8/2,11222.24
2004/8/3,11140.57
2004/8/4,11010.02
2004/8/5,11060.89
2004/8/6,10972.57
2004/8/9,10908.7
2004/8/10,10953.55
2004/8/11,11049.46
2004/8/12,11028.07
2004/8/13,10757.2
2004/8/16,10687.81
2004/8/17,10725.97
2004/8/18,10774.26
2004/8/19,10903.53
2004/8/20,10889.14
2004/8/23,10960.97
2004/8/24,10985.33
2004/8/25,11130.02
2004/8/26,11129.33
2004/8/27,11209.59
2004/8/30,11184.53
2004/8/31,11081.79
2004/9/1,11127.35
2004/9/2,11152.75
2004/9/3,11022.49
2004/9/6,11244.37
2004/9/7,11298.94
2004/9/8,11279.19
2004/9/9,11170.96
2004/9/10,11083.23
2004/9/13,11253.11
2004/9/14,11295.58
2004/9/15,11158.58
2004/9/16,11139.36
2004/9/17,11082.49
2004/9/21,11080.87
2004/9/22,11019.41
2004/9/24,10895.16
2004/9/27,10859.32
2004/9/28,10815.57
2004/9/29,10786.1
2004/9/30,10823.57
2004/10/1,10985.17
2004/10/4,11279.63
2004/10/5,11281.83
2004/10/6,11385.38
2004/10/7,11354.59
2004/10/8,11349.35
2004/10/12,11201.81
2004/10/13,11195.99
2004/10/14,11034.29
2004/10/15,10982.95
2004/10/18,10965.62
2004/10/19,11064.86
2004/10/20,10882.18
2004/10/21,10789.23
2004/10/22,10857.13
2004/10/25,10659.15
2004/10/26,10672.46
2004/10/27,10691.95
2004/10/28,10853.12
2004/10/29,10771.42
2004/11/1,10734.71
2004/11/2,10887.81
2004/11/4,10946.27
2004/11/5,11061.77
2004/11/8,10983.83
2004/11/9,10964.87
2004/11/10,10994.96
2004/11/11,10846.92
2004/11/12,11019.98
2004/11/15,11227.57
2004/11/16,11161.75
2004/11/17,11131.29
2004/11/18,11082.42
2004/11/19,11082.84
2004/11/22,10849.39
2004/11/24,10872.33
2004/11/25,10900.34
2004/11/26,10833.75
2004/11/29,10977.89
2004/11/30,10899.25
2004/12/1,10784.25
2004/12/2,10973.07
2004/12/3,11074.89
2004/12/6,10981.96
2004/12/7,10873.63
2004/12/8,10941.37
2004/12/9,10776.63
2004/12/10,10756.8
2004/12/13,10789.25
2004/12/14,10915.58
2004/12/15,10956.46
2004/12/16,10924.37
2004/12/17,11078.32
2004/12/20,11103.42
2004/12/21,11125.92
2004/12/22,11209.44
2004/12/24,11365.48
2004/12/27,11362.35
2004/12/28,11424.13
2004/12/29,11381.56
2004/12/30,11488.76
2005/1/4,11517.75
2005/1/5,11437.52
2005/1/6,11492.26
2005/1/7,11433.24
2005/1/11,11539.99
2005/1/12,11453.39
2005/1/13,11358.22
2005/1/14,11438.39
2005/1/17,11487.1
2005/1/18,11423.26
2005/1/19,11405.34
2005/1/20,11284.77
2005/1/21,11238.37
2005/1/24,11289.49
2005/1/25,11276.91
2005/1/26,11376.57
2005/1/27,11341.31
2005/1/28,11320.58
2005/1/31,11387.59
2005/2/1,11384.4
2005/2/2,11407.14
2005/2/3,11389.35
2005/2/4,11360.4
2005/2/7,11499.86
2005/2/8,11490.43
2005/2/9,11473.35
2005/2/10,11553.56
2005/2/14,11632.2
2005/2/15,11646.49
2005/2/16,11601.68
2005/2/17,11582.72
2005/2/18,11660.12
2005/2/21,11651.02
2005/2/22,11597.71
2005/2/23,11500.18
2005/2/24,11531.15
2005/2/25,11658.25
2005/2/28,11740.6
2005/3/1,11780.53
2005/3/2,11813.71
2005/3/3,11856.46
2005/3/4,11873.05
2005/3/7,11925.36
2005/3/8,11886.91
2005/3/9,11966.69
2005/3/10,11864.91
2005/3/11,11923.89
2005/3/14,11850.25
2005/3/15,11821.09
2005/3/16,11873.18
2005/3/17,11775.5
2005/3/18,11879.81
2005/3/22,11841.97
2005/3/23,11739.12
2005/3/24,11745.97
2005/3/25,11761.1
2005/3/28,11792.3
2005/3/29,11599.82
2005/3/30,11565.88
2005/3/31,11668.95
2005/4/1,11723.63
2005/4/4,11667.54
2005/4/5,11774.31
2005/4/6,11827.16
2005/4/7,11810.99
2005/4/8,11874.75
2005/4/11,11745.64
2005/4/12,11670.3
2005/4/13,11637.52
2005/4/14,11563.17
2005/4/15,11370.69
2005/4/18,10938.44
2005/4/19,11065.86
2005/4/20,11088.58
2005/4/21,10984.39
2005/4/22,11045.95
2005/4/25,11073.77
2005/4/26,11035.83
2005/4/27,11005.42
2005/4/28,11008.9
2005/5/2,11002.11
2005/5/6,11192.17
2005/5/9,11171.32
2005/5/10,11159.46
2005/5/11,11120.7
2005/5/12,11077.94
2005/5/13,11049.11
2005/5/16,10947.22
2005/5/17,10825.39
2005/5/18,10835.41
2005/5/19,11077.16
2005/5/20,11037.29
2005/5/23,11158.65
2005/5/24,11133.65
2005/5/25,11014.43
2005/5/26,11027.94
2005/5/27,11192.33
2005/5/30,11266.33
2005/5/31,11276.59
2005/6/1,11329.67
2005/6/2,11280.05
2005/6/3,11300.05
2005/6/6,11270.62
2005/6/7,11217.45
2005/6/8,11281.03
2005/6/9,11160.88
2005/6/10,11304.23
2005/6/13,11311.51
2005/6/14,11335.92
2005/6/15,11415.88
2005/6/16,11416.38
2005/6/17,11514.03
2005/6/20,11483.35
2005/6/21,11488.74
2005/6/22,11547.28
2005/6/23,11576.75
2005/6/24,11537.03
2005/6/27,11414.28
2005/6/28,11513.83
2005/6/29,11577.44
2005/6/30,11584.01
2005/7/1,11630.13
2005/7/4,11651.55
2005/7/5,11616.7
2005/7/6,11603.53
2005/7/7,11590.14
2005/7/8,11565.99
2005/7/11,11674.79
2005/7/12,11692.14
2005/7/13,11659.84
2005/7/14,11764.26
2005/7/15,11758.68
2005/7/19,11764.84
2005/7/20,11789.35
2005/7/21,11786.73
2005/7/22,11695.05
2005/7/25,11762.65
2005/7/26,11737.96
2005/7/27,11835.08
2005/7/28,11858.31
2005/7/29,11899.6
2005/8/1,11946.92
2005/8/2,11940.2
2005/8/3,11981.8
2005/8/4,11883.31
2005/8/5,11766.48
2005/8/8,11778.98
2005/8/9,11900.32
2005/8/10,12098.08
2005/8/11,12263.32
2005/8/12,12261.68
2005/8/15,12256.55
2005/8/16,12315.67
2005/8/17,12273.12
2005/8/18,12307.37
2005/8/19,12291.73
2005/8/22,12452.51
2005/8/23,12472.93
2005/8/24,12502.26
2005/8/25,12405.16
2005/8/26,12439.48
2005/8/29,12309.83
2005/8/30,12453.14
2005/8/31,12413.6
2005/9/1,12506.97
2005/9/2,12600
2005/9/5,12634.88
2005/9/6,12599.43
2005/9/7,12607.59
2005/9/8,12533.89
2005/9/9,12692.04
2005/9/12,12896.43
2005/9/13,12901.95
2005/9/14,12834.25
2005/9/15,12986.78
2005/9/16,12958.68
2005/9/20,13148.57
2005/9/21,13196.57
2005/9/22,13159.36
2005/9/26,13392.63
2005/9/27,13310.04
2005/9/28,13435.91
2005/9/29,13617.24
2005/9/30,13574.3
2005/10/3,13525.28
2005/10/4,13738.84
2005/10/5,13689.89
2005/10/6,13359.51
2005/10/7,13227.74
2005/10/11,13556.71
2005/10/12,13463.74
2005/10/13,13449.24
2005/10/14,13420.54
2005/10/17,13400.29
2005/10/18,13352.24
2005/10/19,13129.49
2005/10/20,13190.46
2005/10/21,13199.95
2005/10/24,13106.18
2005/10/25,13280.62
2005/10/26,13395.02
2005/10/27,13417.08
2005/10/28,13346.54
2005/10/31,13606.5
2005/11/1,13867.86
2005/11/2,13894.78
2005/11/4,14075.96
2005/11/7,14061.6
2005/11/8,14036.73
2005/11/9,14072.2
2005/11/10,14080.88
2005/11/11,14155.06
2005/11/14,14116.04
2005/11/15,14091.77
2005/11/16,14170.87
2005/11/17,14411.79
2005/11/18,14623.12
2005/11/21,14680.43
2005/11/22,14708.32
2005/11/24,14742.58
2005/11/25,14784.29
2005/11/28,14986.94
2005/11/29,14927.7
2005/11/30,14872.15
2005/12/1,15130.5
2005/12/2,15421.6
2005/12/5,15551.31
2005/12/6,15423.38
2005/12/7,15484.66
2005/12/8,15183.36
2005/12/9,15404.05
2005/12/12,15738.7
2005/12/13,15778.86
2005/12/14,15464.58
2005/12/15,15254.44
2005/12/16,15173.07
2005/12/19,15391.48
2005/12/20,15641.26
2005/12/21,15957.57
2005/12/22,15941.37
2005/12/26,16107.67
2005/12/27,15969.4
2005/12/28,16194.61
2005/12/29,16344.2
2005/12/30,16111.43
2006/1/4,16361.54
2006/1/5,16425.37
2006/1/6,16428.21
2006/1/10,16124.35
2006/1/11,16363.59
2006/1/12,16445.19
2006/1/13,16454.95
2006/1/16,16268.03
2006/1/17,15805.95
2006/1/18,15341.18
2006/1/19,15696.28
2006/1/20,15696.69
2006/1/23,15360.65
2006/1/24,15648.89
2006/1/25,15651
2006/1/26,15891.02
2006/1/27,16460.68
2006/1/30,16551.23
2006/1/31,16649.82
2006/2/1,16480.09
2006/2/2,16710.55
2006/2/3,16659.64
2006/2/6,16747.76
2006/2/7,16720.99
2006/2/8,16272.68
2006/2/9,16439.67
2006/2/10,16257.83
2006/2/13,15877.66
2006/2/14,16184.87
2006/2/15,15932.83
2006/2/16,16043.67
2006/2/17,15713.45
2006/2/20,15437.93
2006/2/21,15894.94
2006/2/22,15781.78
2006/2/23,16096.1
2006/2/24,16101.91
2006/2/27,16192.95
2006/2/28,16205.43
2006/3/1,15964.46
2006/3/2,15909.76
2006/3/3,15663.34
2006/3/6,15901.16
2006/3/7,15726.02
2006/3/8,15627.49
2006/3/9,16036.91
2006/3/10,16115.63
2006/3/13,16361.51
2006/3/14,16238.36
2006/3/15,16319.04
2006/3/16,16096.21
2006/3/17,16339.73
2006/3/20,16624.8
2006/3/22,16495.48
2006/3/23,16489.37
2006/3/24,16560.87
2006/3/27,16650.1
2006/3/28,16690.24
2006/3/29,16938.41
2006/3/30,17045.34
2006/3/31,17059.66
2006/4/3,17333.31
2006/4/4,17292.91
2006/4/5,17243.98
2006/4/6,17489.33
2006/4/7,17563.37
2006/4/10,17456.58
2006/4/11,17418.13
2006/4/12,17162.55
2006/4/13,17199.15
2006/4/14,17233.82
2006/4/17,17000.36
2006/4/18,17232.86
2006/4/19,17350.12
2006/4/20,17317.53
2006/4/21,17403.96
2006/4/24,16914.4
2006/4/25,16970.29
2006/4/26,17055.93
2006/4/27,17114.54
2006/4/28,16906.23
2006/5/1,16925.71
2006/5/2,17153.77
2006/5/8,17291.67
2006/5/9,17190.91
2006/5/10,16951.93
2006/5/11,16862.14
2006/5/12,16601.78
2006/5/15,16486.91
2006/5/16,16158.42
2006/5/17,16307.67
2006/5/18,16087.18
2006/5/19,16155.45
2006/5/22,15857.87
2006/5/23,15599.2
2006/5/24,15907.2
2006/5/25,15693.75
2006/5/26,15970.76
2006/5/29,15915.68
2006/5/30,15859.45
2006/5/31,15467.33
2006/6/1,15503.74
2006/6/2,15789.31
2006/6/5,15668.31
2006/6/6,15384.86
2006/6/7,15096.01
2006/6/8,14633.03
2006/6/9,14750.84
2006/6/12,14833.01
2006/6/13,14218.6
2006/6/14,14309.56
2006/6/15,14470.76
2006/6/16,14879.34
2006/6/19,14860.35
2006/6/20,14648.41
2006/6/21,14644.26
2006/6/22,15135.69
2006/6/23,15124.04
2006/6/26,15152.4
2006/6/27,15171.81
2006/6/28,14886.11
2006/6/29,15121.15
2006/6/30,15505.18
2006/7/3,15571.62
2006/7/4,15638.5
2006/7/5,15523.94
2006/7/6,15321.4
2006/7/7,15307.61
2006/7/10,15552.81
2006/7/11,15473.82
2006/7/12,15249.32
2006/7/13,15097.95
2006/7/14,14845.24
2006/7/18,14437.24
2006/7/19,14500.26
2006/7/20,14946.84
2006/7/21,14821.26
2006/7/24,14794.5
2006/7/25,15005.24
2006/7/26,14884.07
2006/7/27,15179.78
2006/7/28,15342.87
2006/7/31,15456.81
2006/8/1,15440.91
2006/8/2,15464.29
2006/8/3,15470.37
2006/8/4,15499.18
2006/8/7,15154.06
2006/8/8,15464.66
2006/8/9,15656.59
2006/8/10,15630.91
2006/8/11,15565.02
2006/8/14,15857.11
2006/8/15,15816.19
2006/8/16,16071.36
2006/8/17,16020.84
2006/8/18,16105.98
2006/8/21,15969.04
2006/8/22,16181.17
2006/8/23,16163.03
2006/8/24,15960.62
2006/8/25,15938.66
2006/8/28,15762.59
2006/8/29,15890.56
2006/8/30,15872.02
2006/8/31,16140.76
2006/9/1,16134.25
2006/9/4,16358.07
2006/9/5,16385.96
2006/9/6,16284.09
2006/9/7,16012.41
2006/9/8,16080.46
2006/9/11,15794.38
2006/9/12,15719.34
2006/9/13,15750.05
2006/9/14,15942.39
2006/9/15,15866.93
2006/9/19,15874.28
2006/9/20,15718.67
2006/9/21,15834.23
2006/9/22,15634.67
2006/9/25,15633.81
2006/9/26,15557.45
2006/9/27,15947.87
2006/9/28,16024.85
2006/9/29,16127.58
2006/10/2,16254.29
2006/10/3,16242.09
2006/10/4,16082.55
2006/10/5,16449.33
2006/10/6,16436.06
2006/10/10,16477.25
2006/10/11,16400.57
2006/10/12,16368.81
2006/10/13,16536.54
2006/10/16,16692.76
2006/10/17,16611.59
2006/10/18,16653
2006/10/19,16551.36
2006/10/20,16651.63
2006/10/23,16788.82
2006/10/24,16780.47
2006/10/25,16699.3
2006/10/26,16811.6
2006/10/27,16669.07
2006/10/30,16351.85
2006/10/31,16399.39
2006/11/1,16375.26
2006/11/2,16350.02
2006/11/6,16364.76
2006/11/7,16393.41
2006/11/8,16215.74
2006/11/9,16198.57
2006/11/10,16112.43
2006/11/13,16022.49
2006/11/14,16289.55
2006/11/15,16243.47
2006/11/16,16163.87
2006/11/17,16091.73
2006/11/20,15725.94
2006/11/21,15734.14
2006/11/22,15914.23
2006/11/24,15734.6
2006/11/27,15885.38
2006/11/28,15855.26
2006/11/29,16076.2
2006/11/30,16274.33
2006/12/1,16321.78
2006/12/4,16303.59
2006/12/5,16265.76
2006/12/6,16371.28
2006/12/7,16473.36
2006/12/8,16417.82
2006/12/11,16527.99
2006/12/12,16637.78
2006/12/13,16692.93
2006/12/14,16829.2
2006/12/15,16914.31
2006/12/18,16962.11
2006/12/19,16776.88
2006/12/20,17011.04
2006/12/21,17047.83
2006/12/22,17104.96
2006/12/25,17092.89
2006/12/26,17169.19
2006/12/27,17248.63
2006/12/28,17224.81
2006/12/29,17225.83
2007/1/4,17353.67
2007/1/5,17091.59
2007/1/9,17237.77
2007/1/10,16942.4
2007/1/11,16838.17
2007/1/12,17057.01
2007/1/15,17209.92
2007/1/16,17202.46
2007/1/17,17261.35
2007/1/18,17370.93
2007/1/19,17310.44
2007/1/22,17424.18
2007/1/23,17408.57
2007/1/24,17507.4
2007/1/25,17458.3
2007/1/26,17421.93
2007/1/29,17470.46
2007/1/30,17490.19
2007/1/31,17383.42
2007/2/1,17519.5
2007/2/2,17547.11
2007/2/5,17344.8
2007/2/6,17406.86
2007/2/7,17292.32
2007/2/8,17292.48
2007/2/9,17504.33
2007/2/13,17621.45
2007/2/14,17752.64
2007/2/15,17897.23
2007/2/16,17875.65
2007/2/19,17940.09
2007/2/20,17939.12
2007/2/21,17913.21
2007/2/22,18108.79
2007/2/23,18188.42
2007/2/26,18215.35
2007/2/27,18119.92
2007/2/28,17604.12
2007/3/1,17453.51
2007/3/2,17217.93
2007/3/5,16642.25
2007/3/6,16844.5
2007/3/7,16764.62
2007/3/8,17090.31
2007/3/9,17164.04
2007/3/12,17292.39
2007/3/13,17178.84
2007/3/14,16676.89
2007/3/15,16860.39
2007/3/16,16744.15
2007/3/19,17009.55
2007/3/20,17163.2
2007/3/22,17419.2
2007/3/23,17480.61
2007/3/26,17521.96
2007/3/27,17365.05
2007/3/28,17254.73
2007/3/29,17263.94
2007/3/30,17287.65
2007/4/2,17028.41
2007/4/3,17244.05
2007/4/4,17544.09
2007/4/5,17491.42
2007/4/6,17484.78
2007/4/9,17743.76
2007/4/10,17664.69
2007/4/11,17670.07
2007/4/12,17540.42
2007/4/13,17363.95
2007/4/16,17628.3
2007/4/17,17527.45
2007/4/18,17667.33
2007/4/19,17371.97
2007/4/20,17452.62
2007/4/23,17455.37
2007/4/24,17451.77
2007/4/25,17236.16
2007/4/26,17429.17
2007/4/27,17400.41
2007/5/1,17274.98
2007/5/2,17394.92
2007/5/7,17669.83
2007/5/8,17656.84
2007/5/9,17748.12
2007/5/10,17736.96
2007/5/11,17553.72
2007/5/14,17677.94
2007/5/15,17512.98
2007/5/16,17529
2007/5/17,17498.6
2007/5/18,17399.58
2007/5/21,17556.87
2007/5/22,17680.05
2007/5/23,17705.12
2007/5/24,17696.97
2007/5/25,17481.21
2007/5/28,17587.59
2007/5/29,17672.56
2007/5/30,17588.26
2007/5/31,17875.75
2007/6/1,17958.88
2007/6/4,17973.42
2007/6/5,18053.81
2007/6/6,18040.93
2007/6/7,18053.38
2007/6/8,17779.09
2007/6/11,17834.48
2007/6/12,17760.91
2007/6/13,17732.77
2007/6/14,17842.29
2007/6/15,17971.49
2007/6/18,18149.52
2007/6/19,18163.61
2007/6/20,18211.68
2007/6/21,18240.3
2007/6/22,18188.63
2007/6/25,18087.48
2007/6/26,18066.11
2007/6/27,17849.28
2007/6/28,17932.27
2007/6/29,18138.36
2007/7/2,18146.3
2007/7/3,18149.9
2007/7/4,18168.72
2007/7/5,18221.48
2007/7/6,18140.94
2007/7/9,18261.98
2007/7/10,18252.67
2007/7/11,18049.51
2007/7/12,17984.14
2007/7/13,18238.95
2007/7/17,18217.27
2007/7/18,18015.58
2007/7/19,18116.57
2007/7/20,18157.93
2007/7/23,17963.64
2007/7/24,18002.03
2007/7/25,17858.42
2007/7/26,17702.09
2007/7/27,17283.81
2007/7/30,17289.3
2007/7/31,17248.89
2007/8/1,16870.98
2007/8/2,16984.11
2007/8/3,16979.86
2007/8/6,16914.46
2007/8/7,16921.77
2007/8/8,17029.28
2007/8/9,17170.6
2007/8/10,16764.09
2007/8/13,16800.05
2007/8/14,16844.61
2007/8/15,16475.61
2007/8/16,16148.49
2007/8/17,15273.68
2007/8/20,15732.48
2007/8/21,15901.34
2007/8/22,15900.64
2007/8/23,16316.32
2007/8/24,16248.97
2007/8/27,16301.39
2007/8/28,16287.49
2007/8/29,16012.83
2007/8/30,16153.82
2007/8/31,16569.09
2007/9/3,16524.93
2007/9/4,16420.47
2007/9/5,16158.45
2007/9/6,16257
2007/9/7,16122.16
2007/9/10,15764.97
2007/9/11,15877.67
2007/9/12,15797.6
2007/9/13,15821.19
2007/9/14,16127.42
2007/9/18,15801.8
2007/9/19,16381.54
2007/9/20,16413.79
2007/9/21,16312.61
2007/9/25,16401.73
2007/9/26,16435.74
2007/9/27,16832.22
2007/9/28,16785.69
2007/10/1,16845.96
2007/10/2,17046.78
2007/10/3,17199.89
2007/10/4,17092.49
2007/10/5,17065.04
2007/10/9,17159.9
2007/10/10,17177.89
2007/10/11,17458.98
2007/10/12,17331.17
2007/10/15,17358.15
2007/10/16,17137.92
2007/10/17,16955.31
2007/10/18,17106.09
2007/10/19,16814.37
2007/10/22,16438.47
2007/10/23,16450.58
2007/10/24,16358.39
2007/10/25,16284.17
2007/10/26,16505.63
2007/10/29,16698.08
2007/10/30,16651.01
2007/10/31,16737.63
2007/11/1,16870.4
2007/11/2,16517.48
2007/11/5,16268.92
2007/11/6,16249.63
2007/11/7,16096.68
2007/11/8,15771.57
2007/11/9,15583.42
2007/11/12,15197.09
2007/11/13,15126.63
2007/11/14,15499.56
2007/11/15,15396.3
2007/11/16,15154.61
2007/11/19,15042.56
2007/11/20,15211.52
2007/11/21,14837.66
2007/11/22,14888.77
2007/11/26,15135.21
2007/11/27,15222.85
2007/11/28,15153.78
2007/11/29,15513.74
2007/11/30,15680.67
2007/12/3,15628.97
2007/12/4,15480.19
2007/12/5,15608.88
2007/12/6,15874.08
2007/12/7,15956.37
2007/12/10,15924.39
2007/12/11,16044.72
2007/12/12,15932.26
2007/12/13,15536.52
2007/12/14,15514.51
2007/12/17,15249.79
2007/12/18,15207.86
2007/12/19,15030.51
2007/12/20,15031.6
2007/12/21,15257
2007/12/25,15552.59
2007/12/26,15653.54
2007/12/27,15564.69
2007/12/28,15307.78
2008/1/4,14691.41
2008/1/7,14500.55
2008/1/8,14528.67
2008/1/9,14599.16
2008/1/10,14388.11
2008/1/11,14110.79
2008/1/15,13972.63
2008/1/16,13504.51
2008/1/17,13783.45
2008/1/18,13861.29
2008/1/21,13325.94
2008/1/22,12573.05
2008/1/23,12829.06
2008/1/24,13092.78
2008/1/25,13629.16
2008/1/28,13087.91
2008/1/29,13478.86
2008/1/30,13345.03
2008/1/31,13592.47
2008/2/1,13497.16
2008/2/4,13859.7
2008/2/5,13745.5
2008/2/6,13099.24
2008/2/7,13207.15
2008/2/8,13017.24
2008/2/12,13021.96
2008/2/13,13068.3
2008/2/14,13626.45
2008/2/15,13622.56
2008/2/19,13757.91
2008/2/20,13310.37
2008/2/21,13688.28
2008/2/22,13500.46
2008/2/25,13914.57
2008/2/26,13824.72
2008/2/27,14031.3
2008/2/28,13925.51
2008/2/29,13603.02
2008/3/3,12992.18
2008/3/4,12992.28
2008/3/5,12972.06
2008/3/6,13215.42
2008/3/7,12782.8
2008/3/10,12532.13
2008/3/11,12658.28
2008/3/12,12861.13
2008/3/13,12433.44
2008/3/14,12241.6
2008/3/17,11787.51
2008/3/18,11964.16
2008/3/19,12260.44
2008/3/21,12482.57
2008/3/24,12480.09
2008/3/25,12745.22
2008/3/26,12706.63
2008/3/27,12604.58
2008/3/28,12820.47
2008/3/31,12525.54
2008/4/1,12656.42
2008/4/2,13189.36
2008/4/3,13389.9
2008/4/4,13293.22
2008/4/7,13450.23
2008/4/8,13250.43
2008/4/9,13111.89
2008/4/10,12945.3
2008/4/11,13323.73
2008/4/14,12917.51
2008/4/15,12990.58
2008/4/16,13146.13
2008/4/17,13398.3
2008/4/18,13476.45
2008/4/21,13696.55
2008/4/22,13547.82
2008/4/23,13579.16
2008/4/24,13540.87
2008/4/25,13863.47
2008/4/28,13894.37
2008/4/30,13849.99
2008/5/1,13766.86
2008/5/2,14049.26
2008/5/7,14102.48
2008/5/8,13943.26
2008/5/9,13655.34
2008/5/12,13743.36
2008/5/13,13953.73
2008/5/14,14118.55
2008/5/15,14251.74
2008/5/16,14219.48
2008/5/19,14269.61
2008/5/20,14160.09
2008/5/21,13926.3
2008/5/22,13978.46
2008/5/23,14012.2
2008/5/26,13690.19
2008/5/27,13893.31
2008/5/28,13709.44
2008/5/29,14124.47
2008/5/30,14338.54
2008/6/2,14440.14
2008/6/3,14209.17
2008/6/4,14435.57
2008/6/5,14341.12
2008/6/6,14489.44
2008/6/9,14181.38
2008/6/10,14021.17
2008/6/11,14183.48
2008/6/12,13888.6
2008/6/13,13973.73
2008/6/16,14354.37
2008/6/17,14348.37
2008/6/18,14452.82
2008/6/19,14130.17
2008/6/20,13942.08
2008/6/23,13857.47
2008/6/24,13849.56
2008/6/25,13829.92
2008/6/26,13822.32
2008/6/27,13544.36
2008/6/30,13481.38
2008/7/1,13463.2
2008/7/2,13286.37
2008/7/3,13265.4
2008/7/4,13237.89
2008/7/7,13360.04
2008/7/8,13033.1
2008/7/9,13052.13
2008/7/10,13067.21
2008/7/11,13039.69
2008/7/14,13010.16
2008/7/15,12754.56
2008/7/16,12760.8
2008/7/17,12887.95
2008/7/18,12803.7
2008/7/22,13184.96
2008/7/23,13312.93
2008/7/24,13603.31
2008/7/25,13334.76
2008/7/28,13353.78
2008/7/29,13159.45
2008/7/30,13367.79
2008/7/31,13376.81
2008/8/1,13094.59
2008/8/4,12933.18
2008/8/5,12914.66
2008/8/6,13254.89
2008/8/7,13124.99
2008/8/8,13168.41
2008/8/11,13430.91
2008/8/12,13303.6
2008/8/13,13023.05
2008/8/14,12956.8
2008/8/15,13019.41
2008/8/18,13165.45
2008/8/19,12865.05
2008/8/20,12851.69
2008/8/21,12752.21
2008/8/22,12666.04
2008/8/25,12878.66
2008/8/26,12778.71
2008/8/27,12752.96
2008/8/28,12768.25
2008/8/29,13072.87
2008/9/1,12834.18
2008/9/2,12609.47
2008/9/3,12689.59
2008/9/4,12557.66
2008/9/5,12212.23
2008/9/8,12624.46
2008/9/9,12400.65
2008/9/10,12346.63
2008/9/11,12102.5
2008/9/12,12214.76
2008/9/16,11609.72
2008/9/17,11749.79
2008/9/18,11489.3
2008/9/19,11920.86
2008/9/22,12090.59
2008/9/24,12115.03
2008/9/25,12006.53
2008/9/26,11893.16
2008/9/29,11743.61
2008/9/30,11259.86
2008/10/1,11368.26
2008/10/2,11154.76
2008/10/3,10938.14
2008/10/6,10473.09
2008/10/7,10155.9
2008/10/8,9203.32
2008/10/9,9157.49
2008/10/10,8276.43
2008/10/14,9447.57
2008/10/15,9547.47
2008/10/16,8458.45
2008/10/17,8693.82
2008/10/20,9005.59
2008/10/21,9306.25
2008/10/22,8674.69
2008/10/23,8460.98
2008/10/24,7649.08
2008/10/27,7162.9
2008/10/28,7621.92
2008/10/29,8211.9
2008/10/30,9029.76
2008/10/31,8576.98
2008/11/4,9114.6
2008/11/5,9521.24
2008/11/6,8899.14
2008/11/7,8583
2008/11/10,9081.43
2008/11/11,8809.3
2008/11/12,8695.51
2008/11/13,8238.64
2008/11/14,8462.39
2008/11/17,8522.58
2008/11/18,8328.41
2008/11/19,8273.22
2008/11/20,7703.04
2008/11/21,7910.79
2008/11/25,8323.93
2008/11/26,8213.22
2008/11/27,8373.39
2008/11/28,8512.27
2008/12/1,8397.22
2008/12/2,7863.69
2008/12/3,8004.1
2008/12/4,7924.24
2008/12/5,7917.51
2008/12/8,8329.05
2008/12/9,8395.87
2008/12/10,8660.24
2008/12/11,8720.55
2008/12/12,8235.87
2008/12/15,8664.66
2008/12/16,8568.02
2008/12/17,8612.52
2008/12/18,8667.23
2008/12/19,8588.52
2008/12/22,8723.78
2008/12/24,8517.1
2008/12/25,8599.5
2008/12/26,8739.52
2008/12/29,8747.17
2008/12/30,8859.56
2009/1/5,9043.12
2009/1/6,9080.84
2009/1/7,9239.24
2009/1/8,8876.42
2009/1/9,8836.8
2009/1/13,8413.91
2009/1/14,8438.45
2009/1/15,8023.31
2009/1/16,8230.15
2009/1/19,8256.85
2009/1/20,8065.79
2009/1/21,7901.64
2009/1/22,8051.74
2009/1/23,7745.25
2009/1/26,7682.14
2009/1/27,8061.07
2009/1/28,8106.29
2009/1/29,8251.24
2009/1/30,7994.05
2009/2/2,7873.98
2009/2/3,7825.51
2009/2/4,8038.94
2009/2/5,7949.65
2009/2/6,8076.62
2009/2/9,7969.03
2009/2/10,7945.94
2009/2/12,7705.36
2009/2/13,7779.4
2009/2/16,7750.17
2009/2/17,7645.51
2009/2/18,7534.44
2009/2/19,7557.65
2009/2/20,7416.38
2009/2/23,7376.16
2009/2/24,7268.56
2009/2/25,7461.22
2009/2/26,7457.93
2009/2/27,7568.42
2009/3/2,7280.15
2009/3/3,7229.72
2009/3/4,7290.96
2009/3/5,7433.49
2009/3/6,7173.1
2009/3/9,7086.03
2009/3/10,7054.98
2009/3/11,7376.12
2009/3/12,7198.25
2009/3/13,7569.28
2009/3/16,7704.15
2009/3/17,7949.13
2009/3/18,7972.17
2009/3/19,7945.96
2009/3/23,8215.53
2009/3/24,8488.3
2009/3/25,8479.99
2009/3/26,8636.33
2009/3/27,8626.97
2009/3/30,8236.08
2009/3/31,8109.53
2009/4/1,8351.91
2009/4/2,8719.78
2009/4/3,8749.84
2009/4/6,8857.93
2009/4/7,8832.85
2009/4/8,8595.01
2009/4/9,8916.06
2009/4/10,8964.11
2009/4/13,8924.43
2009/4/14,8842.68
2009/4/15,8742.96
2009/4/16,8755.26
2009/4/17,8907.58
2009/4/20,8924.75
2009/4/21,8711.33
2009/4/22,8727.3
2009/4/23,8847.01
2009/4/24,8707.99
2009/4/27,8726.34
2009/4/28,8493.77
2009/4/30,8828.26
2009/5/1,8977.37
2009/5/7,9385.7
2009/5/8,9432.83
2009/5/11,9451.98
2009/5/12,9298.61
2009/5/13,9340.49
2009/5/14,9093.73
2009/5/15,9265.02
2009/5/18,9038.69
2009/5/19,9290.29
2009/5/20,9344.64
2009/5/21,9264.15
2009/5/22,9225.81
2009/5/25,9347
2009/5/26,9310.81
2009/5/27,9438.77
2009/5/28,9451.39
2009/5/29,9522.5
2009/6/1,9677.75
2009/6/2,9704.31
2009/6/3,9741.67
2009/6/4,9668.96
2009/6/5,9768.01
2009/6/8,9865.63
2009/6/9,9786.82
2009/6/10,9991.49
2009/6/11,9981.33
2009/6/12,10135.82
2009/6/15,10039.67
2009/6/16,9752.88
2009/6/17,9840.85
2009/6/18,9703.72
2009/6/19,9786.26
2009/6/22,9826.27
2009/6/23,9549.61
2009/6/24,9590.32
2009/6/25,9796.08
2009/6/26,9877.39
2009/6/29,9783.47
2009/6/30,9958.44
2009/7/1,9939.93
2009/7/2,9876.15
2009/7/3,9816.07
2009/7/6,9680.87
2009/7/7,9647.79
2009/7/8,9420.75
2009/7/9,9291.06
2009/7/10,9287.28
2009/7/13,9050.33
2009/7/14,9261.81
2009/7/15,9269.25
2009/7/16,9344.16
2009/7/17,9395.32
2009/7/21,9652.02
2009/7/22,9723.16
2009/7/23,9792.94
2009/7/24,9944.55
2009/7/27,10088.66
2009/7/28,10087.26
2009/7/29,10113.24
2009/7/30,10165.21
2009/7/31,10356.83
2009/8/3,10352.47
2009/8/4,10375.01
2009/8/5,10252.53
2009/8/6,10388.09
2009/8/7,10412.09
2009/8/10,10524.26
2009/8/11,10585.46
2009/8/12,10435
2009/8/13,10517.19
2009/8/14,10597.33
2009/8/17,10268.61
2009/8/18,10284.96
2009/8/19,10204
2009/8/20,10383.41
2009/8/21,10238.2
2009/8/24,10581.05
2009/8/25,10497.36
2009/8/26,10639.71
2009/8/27,10473.97
2009/8/28,10534.14
2009/8/31,10492.53
2009/9/1,10530.06
2009/9/2,10280.46
2009/9/3,10214.64
2009/9/4,10187.11
2009/9/7,10320.94
2009/9/8,10393.23
2009/9/9,10312.14
2009/9/10,10513.67
2009/9/11,10444.33
2009/9/14,10202.06
2009/9/15,10217.62
2009/9/16,10270.77
2009/9/17,10443.8
2009/9/18,10370.54
2009/9/24,10544.22
2009/9/25,10265.98
2009/9/28,10009.52
2009/9/29,10100.2
2009/9/30,10133.23
2009/10/1,9978.64
2009/10/2,9731.87
2009/10/5,9674.49
2009/10/6,9691.8
2009/10/7,9799.6
2009/10/8,9832.47
2009/10/9,10016.39
2009/10/13,10076.56
2009/10/14,10060.21
2009/10/15,10238.65
2009/10/16,10257.56
2009/10/19,10236.51
2009/10/20,10336.84
2009/10/21,10333.39
2009/10/22,10267.17
2009/10/23,10282.99
2009/10/26,10362.62
2009/10/27,10212.46
2009/10/28,10075.05
2009/10/29,9891.1
2009/10/30,10034.74
2009/11/2,9802.95
2009/11/4,9844.31
2009/11/5,9717.44
2009/11/6,9789.35
2009/11/9,9808.99
2009/11/10,9870.73
2009/11/11,9871.68
2009/11/12,9804.49
2009/11/13,9770.31
2009/11/16,9791.18
2009/11/17,9729.93
2009/11/18,9676.8
2009/11/19,9549.47
2009/11/20,9497.68
2009/11/24,9401.58
2009/11/25,9441.64
2009/11/26,9383.24
2009/11/27,9081.52
2009/11/30,9345.55
2009/12/1,9572.2
2009/12/2,9608.94
2009/12/3,9977.67
2009/12/4,10022.59
2009/12/7,10167.6
2009/12/8,10140.47
2009/12/9,10004.72
2009/12/10,9862.82
2009/12/11,10107.87
2009/12/14,10105.68
2009/12/15,10083.48
2009/12/16,10177.41
2009/12/17,10163.8
2009/12/18,10142.05
2009/12/21,10183.47
2009/12/22,10378.03
2009/12/24,10536.92
2009/12/25,10494.71
2009/12/28,10634.23
2009/12/29,10638.06
2009/12/30,10546.44
2010/1/4,10654.79
2010/1/5,10681.83
2010/1/6,10731.45
2010/1/7,10681.66
2010/1/8,10798.32
2010/1/12,10879.14
2010/1/13,10735.03
2010/1/14,10907.68
2010/1/15,10982.1
2010/1/18,10855.08
2010/1/19,10764.9
2010/1/20,10737.52
2010/1/21,10868.41
2010/1/22,10590.55
2010/1/25,10512.69
2010/1/26,10325.28
2010/1/27,10252.08
2010/1/28,10414.29
2010/1/29,10198.04
2010/2/1,10205.02
2010/2/2,10371.09
2010/2/3,10404.33
2010/2/4,10355.98
2010/2/5,10057.09
2010/2/8,9951.82
2010/2/9,9932.9
2010/2/10,9963.99
2010/2/12,10092.19
2010/2/15,10013.3
2010/2/16,10034.25
2010/2/17,10306.83
2010/2/18,10335.69
2010/2/19,10123.58
2010/2/22,10400.47
2010/2/23,10352.1
2010/2/24,10198.83
2010/2/25,10101.96
2010/2/26,10126.03
2010/3/1,10172.06
2010/3/2,10221.84
2010/3/3,10253.14
2010/3/4,10145.72
2010/3/5,10368.96
2010/3/8,10585.92
2010/3/9,10567.65
2010/3/10,10563.92
2010/3/11,10664.95
2010/3/12,10751.26
2010/3/15,10751.98
2010/3/16,10721.71
2010/3/17,10846.98
2010/3/18,10744.03
2010/3/19,10824.72
2010/3/23,10774.15
2010/3/24,10815.03
2010/3/25,10828.85
2010/3/26,10996.37
2010/3/29,10986.47
2010/3/30,11097.14
2010/3/31,11089.94
2010/4/1,11244.4
2010/4/2,11286.09
2010/4/5,11339.3
2010/4/6,11282.32
2010/4/7,11292.83
2010/4/8,11168.2
2010/4/9,11204.34
2010/4/12,11251.9
2010/4/13,11161.23
2010/4/14,11204.9
2010/4/15,11273.79
2010/4/16,11102.18
2010/4/19,10908.77
2010/4/20,10900.68
2010/4/21,11090.05
2010/4/22,10949.09
2010/4/23,10914.46
2010/4/26,11165.79
2010/4/27,11212.66
2010/4/28,10924.79
2010/4/30,11057.4
2010/5/6,10695.69
2010/5/7,10364.59
2010/5/10,10530.7
2010/5/11,10411.1
2010/5/12,10394.03
2010/5/13,10620.55
2010/5/14,10462.51
2010/5/17,10235.76
2010/5/18,10242.64
2010/5/19,10186.84
2010/5/20,10030.31
2010/5/21,9784.54
2010/5/24,9758.4
2010/5/25,9459.89
2010/5/26,9522.66
2010/5/27,9639.72
2010/5/28,9762.98
2010/5/31,9768.7
2010/6/1,9711.83
2010/6/2,9603.24
2010/6/3,9914.19
2010/6/4,9901.19
2010/6/7,9520.8
2010/6/8,9537.94
2010/6/9,9439.13
2010/6/10,9542.65
2010/6/11,9705.25
2010/6/14,9879.85
2010/6/15,9887.89
2010/6/16,10067.15
2010/6/17,9999.4
2010/6/18,9995.02
2010/6/21,10238.01
2010/6/22,10112.89
2010/6/23,9923.7
2010/6/24,9928.34
2010/6/25,9737.48
2010/6/28,9693.94
2010/6/29,9570.67
2010/6/30,9382.64
2010/7/1,9191.6
2010/7/2,9203.71
2010/7/5,9266.78
2010/7/6,9338.04
2010/7/7,9279.65
2010/7/8,9535.74
2010/7/9,9585.32
2010/7/12,9548.11
2010/7/13,9537.23
2010/7/14,9795.24
2010/7/15,9685.53
2010/7/16,9408.36
2010/7/20,9300.46
2010/7/21,9278.83
2010/7/22,9220.88
2010/7/23,9430.96
2010/7/26,9503.66
2010/7/27,9496.85
2010/7/30,9537.3
2010/8/2,9570.31
2010/8/3,9694.01
2010/8/4,9489.34
2010/8/5,9653.92
2010/8/6,9642.12
2010/8/9,9572.49
2010/8/10,9551.05
2010/8/11,9292.85
2010/8/12,9212.59
2010/8/13,9253.46
2010/8/16,9196.67
2010/8/17,9161.68
2010/8/18,9240.54
2010/8/19,9362.68
2010/8/20,9179.38
2010/8/23,9116.69
2010/8/24,8995.14
2010/8/25,8845.39
2010/8/26,8906.48
2010/8/27,8991.06
2010/8/30,9149.26
2010/8/31,8824.06
2010/9/1,8927.02
2010/9/2,9062.84
2010/9/3,9114.13
2010/9/6,9301.32
2010/9/7,9226
2010/9/8,9024.6
2010/9/9,9098.39
2010/9/10,9239.17
2010/9/13,9321.82
2010/9/14,9299.31
2010/9/15,9516.56
2010/9/16,9509.5
2010/9/17,9626.09
2010/9/21,9602.11
2010/9/22,9566.32
2010/9/24,9471.67
2010/9/27,9603.14
2010/9/28,9495.76
2010/9/29,9559.38
2010/9/30,9369.35
2010/10/1,9404.23
2010/10/4,9381.06
2010/10/5,9518.76
2010/10/6,9691.43
2010/10/7,9684.81
2010/10/8,9588.88
2010/10/12,9388.64
2010/10/13,9403.51
2010/10/14,9583.51
2010/10/15,9500.25
2010/10/18,9498.49
2010/10/19,9539.45
2010/10/20,9381.6
2010/10/21,9376.48
2010/10/22,9426.71
2010/10/25,9401.16
2010/10/26,9377.38
2010/10/27,9387.03
2010/10/28,9366.03
2010/10/29,9202.45
2010/11/1,9154.72
2010/11/2,9159.98
2010/11/4,9358.78
2010/11/5,9625.99
2010/11/8,9732.92
2010/11/9,9694.49
2010/11/10,9830.52
2010/11/11,9861.46
2010/11/12,9724.81
2010/11/15,9827.51
2010/11/16,9797.1
2010/11/17,9811.66
2010/11/18,10013.63
2010/11/19,10022.39
2010/11/22,10115.19
2010/11/24,10030.11
2010/11/25,10079.76
2010/11/26,10039.56
2010/11/29,10125.99
2010/11/30,9937.04
2010/12/1,9988.05
2010/12/2,10168.52
2010/12/3,10178.32
2010/12/6,10167.23
2010/12/7,10141.1
2010/12/8,10232.33
2010/12/9,10285.88
2010/12/10,10211.95
2010/12/13,10293.89
2010/12/14,10316.77
2010/12/15,10309.78
2010/12/16,10311.29
2010/12/17,10303.83
2010/12/20,10216.41
2010/12/21,10370.53
2010/12/22,10346.48
2010/12/24,10279.19
2010/12/27,10355.99
2010/12/28,10292.63
2010/12/29,10344.54
2010/12/30,10228.92
2011/1/4,10398.1
2011/1/5,10380.77
2011/1/6,10529.76
2011/1/7,10541.04
2011/1/11,10510.68
2011/1/12,10512.8
2011/1/13,10589.76
2011/1/14,10499.04
2011/1/17,10502.86
2011/1/18,10518.98
2011/1/19,10557.1
2011/1/20,10437.31
2011/1/21,10274.52
2011/1/24,10345.11
2011/1/25,10464.42
2011/1/26,10401.9
2011/1/27,10478.66
2011/1/28,10360.34
2011/1/31,10237.92
2011/2/1,10274.5
2011/2/2,10457.36
2011/2/3,10431.36
2011/2/4,10543.52
2011/2/7,10592.04
2011/2/8,10635.98
2011/2/9,10617.83
2011/2/10,10605.65
2011/2/14,10725.54
2011/2/15,10746.67
2011/2/16,10808.29
2011/2/17,10836.64
2011/2/18,10842.8
2011/2/21,10857.53
2011/2/22,10664.7
2011/2/23,10579.1
2011/2/24,10452.71
2011/2/25,10526.76
2011/2/28,10624.09
2011/3/1,10754.03
2011/3/2,10492.38
2011/3/3,10586.02
2011/3/4,10693.66
2011/3/7,10505.02
2011/3/8,10525.19
2011/3/9,10589.5
2011/3/10,10434.38
2011/3/11,10254.43
2011/3/14,9620.49
2011/3/15,8655
2011/3/16,9093.72
2011/3/17,8962.67
2011/3/18,9206.75
2011/3/22,9608.32
2011/3/23,9449.47
2011/3/24,9435.01
2011/3/25,9536.13
2011/3/28,9478.53
2011/3/29,9459.08
2011/3/30,9708.79
2011/3/31,9755.1
2011/4/1,9708.39
2011/4/4,9718.89
2011/4/5,9615.55
2011/4/6,9584.37
2011/4/7,9590.93
2011/4/8,9768.08
2011/4/11,9719.7
2011/4/12,9555.26
2011/4/13,9641.18
2011/4/14,9653.92
2011/4/15,9591.52
2011/4/18,9556.65
2011/4/19,9441.03
2011/4/20,9606.82
2011/4/21,9685.77
2011/4/22,9682.21
2011/4/25,9671.96
2011/4/26,9558.69
2011/4/27,9691.84
2011/4/28,9849.74
2011/5/2,10004.2
2011/5/6,9859.2
2011/5/9,9794.38
2011/5/10,9818.76
2011/5/11,9864.26
2011/5/12,9716.65
2011/5/13,9648.77
2011/5/16,9558.3
2011/5/17,9567.02
2011/5/18,9662.08
2011/5/19,9620.82
2011/5/20,9607.08
2011/5/23,9460.63
2011/5/24,9477.17
2011/5/25,9422.88
2011/5/26,9562.05
2011/5/27,9521.94
2011/5/30,9504.97
2011/5/31,9693.73
2011/6/1,9719.61
2011/6/2,9555.04
2011/6/3,9492.21
2011/6/6,9380.35
2011/6/7,9442.95
2011/6/8,9449.46
2011/6/9,9467.15
2011/6/10,9514.44
2011/6/13,9448.21
2011/6/14,9547.79
2011/6/15,9574.32
2011/6/16,9411.28
2011/6/17,9351.4
2011/6/20,9354.32
2011/6/21,9459.66
2011/6/22,9629.43
2011/6/23,9596.74
2011/6/24,9678.71
2011/6/27,9578.31
2011/6/28,9648.98
2011/6/29,9797.26
2011/6/30,9816.09
2011/7/1,9868.07
2011/7/4,9965.09
2011/7/5,9972.46
2011/7/6,10082.48
2011/7/7,10071.14
2011/7/8,10137.73
2011/7/11,10069.53
2011/7/12,9925.92
2011/7/13,9963.14
2011/7/14,9936.12
2011/7/15,9974.47
2011/7/19,9889.72
2011/7/20,10005.9
2011/7/21,10010.39
2011/7/22,10132.11
2011/7/25,10050.01
2011/7/26,10097.72
2011/7/27,10047.19
2011/7/28,9901.35
2011/7/29,9833.03
2011/8/1,9965.01
2011/8/2,9844.59
2011/8/3,9637.14
2011/8/4,9659.18
2011/8/5,9299.88
2011/8/8,9097.56
2011/8/9,8944.48
2011/8/10,9038.74
2011/8/11,8981.94
2011/8/12,8963.72
2011/8/15,9086.41
2011/8/16,9107.43
2011/8/17,9057.26
2011/8/18,8943.76
2011/8/19,8719.24
2011/8/22,8628.13
2011/8/23,8733.01
2011/8/24,8639.61
2011/8/25,8772.36
2011/8/26,8797.78
2011/8/29,8851.35
2011/8/30,8953.9
2011/8/31,8955.2
2011/9/1,9060.8
2011/9/2,8950.74
2011/9/5,8784.46
2011/9/6,8590.57
2011/9/7,8763.41
2011/9/8,8793.12
2011/9/9,8737.66
2011/9/12,8535.67
2011/9/13,8616.55
2011/9/14,8518.57
2011/9/15,8668.86
2011/9/16,8864.16
2011/9/20,8721.24
2011/9/21,8741.16
2011/9/22,8560.26
2011/9/26,8374.13
2011/9/27,8609.95
2011/9/28,8615.65
2011/9/29,8701.23
2011/9/30,8700.29
2011/10/3,8545.48
2011/10/4,8456.12
2011/10/5,8382.98
2011/10/6,8522.02
2011/10/7,8605.62
2011/10/11,8773.68
2011/10/12,8738.9
2011/10/13,8823.25
2011/10/14,8747.96
2011/10/17,8879.6
2011/10/18,8741.91
2011/10/19,8772.54
2011/10/20,8682.15
2011/10/21,8678.89
2011/10/24,8843.98
2011/10/25,8762.31
2011/10/26,8748.47
2011/10/27,8926.54
2011/10/28,9050.47
2011/10/31,8988.39
2011/11/1,8835.52
2011/11/2,8640.42
2011/11/4,8801.4
2011/11/7,8767.09
2011/11/8,8655.51
2011/11/9,8755.44
2011/11/10,8500.8
2011/11/11,8514.47
2011/11/14,8603.7
2011/11/15,8541.93
2011/11/16,8463.16
2011/11/17,8479.63
2011/11/18,8374.91
2011/11/21,8348.27
2011/11/22,8314.74
2011/11/24,8165.18
2011/11/25,8160.01
2011/11/28,8287.49
2011/11/29,8477.82
2011/11/30,8434.61
2011/12/1,8597.38
2011/12/2,8643.75
2011/12/5,8695.98
2011/12/6,8575.16
2011/12/7,8722.17
2011/12/8,8664.58
2011/12/9,8536.46
2011/12/12,8653.82
2011/12/13,8552.81
2011/12/14,8519.13
2011/12/15,8377.37
2011/12/16,8401.72
2011/12/19,8296.12
2011/12/20,8336.48
2011/12/21,8459.98
2011/12/22,8395.16
2011/12/26,8479.34
2011/12/27,8440.56
2011/12/28,8423.62
2011/12/29,8398.89
2011/12/30,8455.35
2012/1/4,8560.11
2012/1/5,8488.71
2012/1/6,8390.35
2012/1/10,8422.26
2012/1/11,8447.88
2012/1/12,8385.59
2012/1/13,8500.02
2012/1/16,8378.36
2012/1/17,8466.4
2012/1/18,8550.58
2012/1/19,8639.68
2012/1/20,8766.36
2012/1/23,8765.9
2012/1/24,8785.33
2012/1/25,8883.69
2012/1/26,8849.47
2012/1/27,8841.22
2012/1/30,8793.05
2012/1/31,8802.51
2012/2/1,8809.79
2012/2/2,8876.82
2012/2/3,8831.93
2012/2/6,8929.2
2012/2/7,8917.52
2012/2/8,9015.59
2012/2/9,9002.24
2012/2/10,8947.17
2012/2/13,8999.18
2012/2/14,9052.07
2012/2/15,9260.34
2012/2/16,9238.1
2012/2/17,9384.17
2012/2/20,9485.09
2012/2/21,9463.02
2012/2/22,9554
2012/2/23,9595.57
2012/2/24,9647.38
2012/2/27,9633.93
2012/2/28,9722.52
2012/2/29,9723.24
2012/3/1,9707.37
2012/3/2,9777.03
2012/3/5,9698.59
2012/3/6,9637.63
2012/3/7,9576.06
2012/3/8,9768.96
2012/3/9,9929.74
2012/3/12,9889.86
2012/3/13,9899.08
2012/3/14,10050.52
2012/3/15,10123.28
2012/3/16,10129.83
2012/3/19,10141.99
2012/3/21,10086.49
2012/3/22,10127.08
2012/3/23,10011.47
2012/3/26,10018.24
2012/3/27,10255.15
2012/3/28,10182.57
2012/3/29,10114.79
2012/3/30,10083.56
2012/4/2,10109.87
2012/4/3,10050.39
2012/4/4,9819.99
2012/4/5,9767.61
2012/4/6,9688.45
2012/4/9,9546.26
2012/4/10,9538.02
2012/4/11,9458.74
2012/4/12,9524.79
2012/4/13,9637.99
2012/4/16,9470.64
2012/4/17,9464.71
2012/4/18,9667.26
2012/4/19,9588.38
2012/4/20,9561.36
2012/4/23,9542.17
2012/4/24,9468.04
2012/4/25,9561.01
2012/4/26,9561.83
2012/4/27,9520.89
2012/5/1,9350.95
2012/5/2,9380.25
2012/5/7,9119.14
2012/5/8,9181.65
2012/5/9,9045.06
2012/5/10,9009.65
2012/5/11,8953.31
2012/5/14,8973.84
2012/5/15,8900.74
2012/5/16,8801.17
2012/5/17,8876.59
2012/5/18,8611.31
2012/5/21,8633.89
2012/5/22,8729.29
2012/5/23,8556.6
2012/5/24,8563.38
2012/5/25,8580.39
2012/5/28,8593.15
2012/5/29,8657.08
2012/5/30,8633.19
2012/5/31,8542.73
2012/6/1,8440.25
2012/6/4,8295.63
2012/6/5,8382
2012/6/6,8533.53
2012/6/7,8639.72
2012/6/8,8459.26
2012/6/11,8624.9
2012/6/12,8536.72
2012/6/13,8587.84
2012/6/14,8568.89
2012/6/15,8569.32
2012/6/18,8721.02
2012/6/19,8655.87
2012/6/20,8752.31
2012/6/21,8824.07
2012/6/22,8798.35
2012/6/25,8734.62
2012/6/26,8663.99
2012/6/27,8730.49
2012/6/28,8874.11
2012/6/29,9006.78
2012/7/2,9003.48
2012/7/3,9066.59
2012/7/4,9104.17
2012/7/5,9079.8
2012/7/6,9020.75
2012/7/9,8896.88
2012/7/10,8857.73
2012/7/11,8851
2012/7/12,8720.01
2012/7/13,8724.12
2012/7/17,8755
2012/7/18,8726.74
2012/7/19,8795.55
2012/7/20,8669.87
2012/7/23,8508.32
2012/7/24,8488.09
2012/7/25,8365.9
2012/7/26,8443.1
2012/7/27,8566.64
2012/7/30,8635.44
2012/7/31,8695.06
2012/8/1,8641.85
2012/8/2,8653.18
2012/8/3,8555.11
2012/8/6,8726.29
2012/8/7,8803.31
2012/8/8,8881.16
2012/8/9,8978.6
2012/8/10,8891.44
2012/8/13,8885.15
2012/8/14,8929.88
2012/8/15,8925.04
2012/8/16,9092.76
2012/8/17,9162.5
2012/8/20,9171.16
2012/8/21,9156.92
2012/8/22,9131.74
2012/8/23,9178.12
2012/8/24,9070.76
2012/8/27,9085.39
2012/8/28,9033.29
2012/8/29,9069.81
2012/8/30,8983.78
2012/8/31,8839.91
2012/9/3,8783.89
2012/9/4,8775.51
2012/9/5,8679.82
2012/9/6,8680.57
2012/9/7,8871.65
2012/9/10,8869.37
2012/9/11,8807.38
2012/9/12,8959.96
2012/9/13,8995.15
2012/9/14,9159.39
2012/9/18,9123.77
2012/9/19,9232.21
2012/9/20,9086.98
2012/9/21,9110
2012/9/24,9069.29
2012/9/25,9091.54
2012/9/26,8906.7
2012/9/27,8949.87
2012/9/28,8870.16
2012/10/1,8796.51
2012/10/2,8786.05
2012/10/3,8746.87
2012/10/4,8824.59
2012/10/5,8863.3
2012/10/9,8769.59
2012/10/10,8596.23
2012/10/11,8546.78
2012/10/12,8534.12
2012/10/15,8577.93
2012/10/16,8701.31
2012/10/17,8806.55
2012/10/18,8982.86
2012/10/19,9002.68
2012/10/22,9010.71
2012/10/23,9014.25
2012/10/24,8954.3
2012/10/25,9055.2
2012/10/26,8933.06
2012/10/29,8929.34
2012/10/30,8841.98
2012/10/31,8928.29
2012/11/1,8946.87
2012/11/2,9051.22
2012/11/5,9007.44
2012/11/6,8975.15
2012/11/7,8972.89
2012/11/8,8837.15
2012/11/9,8757.6
2012/11/12,8676.44
2012/11/13,8661.05
2012/11/14,8664.73
2012/11/15,8829.72
2012/11/16,9024.16
2012/11/19,9153.2
2012/11/20,9142.64
2012/11/21,9222.52
2012/11/22,9366.8
2012/11/26,9388.94
2012/11/27,9423.3
2012/11/28,9308.35
2012/11/29,9400.88
2012/11/30,9446.01
2012/12/3,9458.18
2012/12/4,9432.46
2012/12/5,9468.84
2012/12/6,9545.16
2012/12/7,9527.39
2012/12/10,9533.75
2012/12/11,9525.32
2012/12/12,9581.46
2012/12/13,9742.73
2012/12/14,9737.56
2012/12/17,9828.88
2012/12/18,9923.01
2012/12/19,10160.4
2012/12/20,10039.33
2012/12/21,9940.06
2012/12/25,10080.12
2012/12/26,10230.36
2012/12/27,10322.98
2012/12/28,10395.18
2013/1/4,10688.11
2013/1/7,10599.01
2013/1/8,10508.06
2013/1/9,10578.57
2013/1/10,10652.64
2013/1/11,10801.57
2013/1/15,10879.08
2013/1/16,10600.44
2013/1/17,10609.64
2013/1/18,10913.3
2013/1/21,10747.74
2013/1/22,10709.93
2013/1/23,10486.99
2013/1/24,10620.87
2013/1/25,10926.65
2013/1/28,10824.31
2013/1/29,10866.72
2013/1/30,11113.95
2013/1/31,11138.66
2013/2/1,11191.34
2013/2/4,11260.35
2013/2/5,11046.92
2013/2/6,11463.75
2013/2/7,11357.07
2013/2/8,11153.16
2013/2/12,11369.12
2013/2/13,11251.41
2013/2/14,11307.28
2013/2/15,11173.83
2013/2/18,11407.87
2013/2/19,11372.34
2013/2/20,11468.28
2013/2/21,11309.13
2013/2/22,11385.94
2013/2/25,11662.52
2013/2/26,11398.81
2013/2/27,11253.97
2013/2/28,11559.36
2013/3/1,11606.38
2013/3/4,11652.29
2013/3/5,11683.45
2013/3/6,11932.27
2013/3/7,11968.08
2013/3/8,12283.62
2013/3/11,12349.05
2013/3/12,12314.81
2013/3/13,12239.66
2013/3/14,12381.19
2013/3/15,12560.95
2013/3/18,12220.63
2013/3/19,12468.23
2013/3/21,12635.69
2013/3/22,12338.53
2013/3/25,12546.46
2013/3/26,12471.62
2013/3/27,12493.79
2013/3/28,12335.96
2013/3/29,12397.91
2013/4/1,12135.02
2013/4/2,12003.43
2013/4/3,12362.2
2013/4/4,12634.54
2013/4/5,12833.64
2013/4/8,13192.59
2013/4/9,13192.35
2013/4/10,13288.13
2013/4/11,13549.16
2013/4/12,13485.14
2013/4/15,13275.66
2013/4/16,13221.44
2013/4/17,13382.89
2013/4/18,13220.07
2013/4/19,13316.48
2013/4/22,13568.37
2013/4/23,13529.65
2013/4/24,13843.46
2013/4/25,13926.08
2013/4/26,13884.13
2013/4/30,13860.86
2013/5/1,13799.35
2013/5/2,13694.04
2013/5/7,14180.24
2013/5/8,14285.69
2013/5/9,14191.48
2013/5/10,14607.54
2013/5/13,14782.21
2013/5/14,14758.42
2013/5/15,15096.03
2013/5/16,15037.24
2013/5/17,15138.12
2013/5/20,15360.81
2013/5/21,15381.02
2013/5/22,15627.26
2013/5/23,14483.98
2013/5/24,14612.45
2013/5/27,14142.65
2013/5/28,14311.98
2013/5/29,14326.46
2013/5/30,13589.03
2013/5/31,13774.54
2013/6/3,13261.82
2013/6/4,13533.76
2013/6/5,13014.87
2013/6/6,12904.02
2013/6/7,12877.53
2013/6/10,13514.2
2013/6/11,13317.62
2013/6/12,13289.32
2013/6/13,12445.38
2013/6/14,12686.52
2013/6/17,13033.12
2013/6/18,13007.28
2013/6/19,13245.22
2013/6/20,13014.58
2013/6/21,13230.13
2013/6/24,13062.78
2013/6/25,12969.34
2013/6/26,12834.01
2013/6/27,13213.55
2013/6/28,13677.32
2013/7/1,13852.5
2013/7/2,14098.74
2013/7/3,14055.56
2013/7/4,14018.93
2013/7/5,14309.97
2013/7/8,14109.34
2013/7/9,14472.9
2013/7/10,14416.6
2013/7/11,14472.58
2013/7/12,14506.25
2013/7/16,14599.12
2013/7/17,14615.04
2013/7/18,14808.5
2013/7/19,14589.91
2013/7/22,14658.04
2013/7/23,14778.51
2013/7/24,14731.28
2013/7/25,14562.93
2013/7/26,14129.98
2013/7/29,13661.13
2013/7/30,13869.82
2013/7/31,13668.32
2013/8/1,14005.77
2013/8/2,14466.16
2013/8/5,14258.04
2013/8/6,14401.06
2013/8/7,13824.94
2013/8/8,13605.56
2013/8/9,13615.19
2013/8/12,13519.43
2013/8/13,13867
2013/8/14,14050.16
2013/8/15,13752.94
2013/8/16,13650.11
2013/8/19,13758.13
2013/8/20,13396.38
2013/8/21,13424.33
2013/8/22,13365.17
2013/8/23,13660.55
2013/8/26,13636.28
2013/8/27,13542.37
2013/8/28,13338.46
2013/8/29,13459.71
2013/8/30,13388.86
2013/9/2,13572.92
2013/9/3,13978.44
2013/9/4,14053.87
2013/9/5,14064.82
2013/9/6,13860.81
2013/9/9,14205.23
2013/9/10,14423.36
2013/9/11,14425.07
2013/9/12,14387.27
2013/9/13,14404.67
2013/9/17,14311.67
2013/9/18,14505.36
2013/9/19,14766.18
2013/9/20,14742.42
2013/9/24,14732.61
2013/9/25,14620.53
2013/9/26,14799.12
2013/9/27,14760.07
2013/9/30,14455.8
2013/10/1,14484.72
2013/10/2,14170.49
2013/10/3,14157.25
2013/10/4,14024.31
2013/10/7,13853.32
2013/10/8,13894.61
2013/10/9,14037.84
2013/10/10,14194.71
2013/10/11,14404.74
2013/10/15,14441.54
2013/10/16,14467.14
2013/10/17,14586.51
2013/10/18,14561.54
2013/10/21,14693.57
2013/10/22,14713.25
2013/10/23,14426.05
2013/10/24,14486.41
2013/10/25,14088.19
2013/10/28,14396.04
2013/10/29,14325.98
2013/10/30,14502.35
2013/10/31,14327.94
2013/11/1,14201.57
2013/11/5,14225.37
2013/11/6,14337.31
2013/11/7,14228.44
2013/11/8,14086.8
2013/11/11,14269.84
2013/11/12,14588.68
2013/11/13,14567.16
2013/11/14,14876.41
2013/11/15,15165.92
2013/11/18,15164.3
2013/11/19,15126.56
2013/11/20,15076.08
2013/11/21,15365.6
2013/11/22,15381.72
2013/11/25,15619.13
2013/11/26,15515.24
2013/11/27,15449.63
2013/11/28,15727.12
2013/11/29,15661.87
2013/12/2,15655.07
2013/12/3,15749.66
2013/12/4,15407.94
2013/12/5,15177.49
2013/12/6,15299.86
2013/12/9,15650.21
2013/12/10,15611.31
2013/12/11,15515.06
2013/12/12,15341.82
2013/12/13,15403.11
2013/12/16,15152.91
2013/12/17,15278.63
2013/12/18,15587.8
2013/12/19,15859.22
2013/12/20,15870.42
2013/12/24,15889.33
2013/12/25,16009.99
2013/12/26,16174.44
2013/12/27,16178.94
2013/12/30,16291.31
2014/1/6,15908.88
2014/1/7,15814.37
2014/1/8,16121.45
2014/1/9,15880.33
2014/1/10,15912.06
2014/1/14,15422.4
2014/1/15,15808.73
2014/1/16,15747.2
2014/1/17,15734.46
2014/1/20,15641.68
2014/1/21,15795.96
2014/1/22,15820.96
2014/1/23,15695.89
2014/1/24,15391.56
2014/1/27,15005.73
2014/1/28,14980.16
2014/1/29,15383.91
2014/1/30,15007.06
2014/1/31,14914.53
2014/2/3,14619.13
2014/2/4,14008.47
2014/2/5,14180.38
2014/2/6,14155.12
2014/2/7,14462.41
2014/2/10,14718.34
2014/2/12,14800.06
2014/2/13,14534.74
2014/2/14,14313.03
2014/2/17,14393.11
2014/2/18,14843.24
2014/2/19,14766.53
2014/2/20,14449.18
2014/2/21,14865.67
2014/2/24,14837.68
2014/2/25,15051.6
2014/2/26,14970.97
2014/2/27,14923.11
2014/2/28,14841.07
2014/3/3,14652.23
2014/3/4,14721.48
2014/3/5,14897.63
2014/3/6,15134.75
2014/3/7,15274.07
2014/3/10,15120.14
2014/3/11,15224.11
2014/3/12,14830.39
2014/3/13,14815.98
2014/3/14,14327.66
2014/3/17,14277.67
2014/3/18,14411.27
2014/3/19,14462.52
2014/3/20,14224.23
2014/3/24,14475.3
2014/3/25,14423.19
2014/3/26,14477.16
2014/3/27,14622.89
2014/3/28,14696.03
2014/3/31,14827.83
2014/4/1,14791.99
2014/4/2,14946.32
2014/4/3,15071.88
2014/4/4,15063.77
2014/4/7,14808.85
2014/4/8,14606.88
2014/4/9,14299.69
2014/4/10,14300.12
2014/4/11,13960.05
2014/4/14,13910.16
2014/4/15,13996.81
2014/4/16,14417.68
2014/4/17,14417.53
2014/4/18,14516.27
2014/4/21,14512.38
2014/4/22,14388.77
2014/4/23,14546.27
2014/4/24,14404.99
2014/4/25,14429.26
2014/4/28,14288.23
2014/4/30,14304.11
2014/5/1,14485.13
2014/5/2,14457.51
2014/5/7,14033.45
2014/5/8,14163.78
2014/5/9,14199.59
2014/5/12,14149.52
2014/5/13,14425.44
2014/5/14,14405.76
2014/5/15,14298.21
2014/5/16,14096.59
2014/5/19,14006.44
2014/5/20,14075.25
2014/5/21,14042.17
2014/5/22,14337.79
2014/5/23,14462.17
2014/5/26,14602.52
2014/5/27,14636.52
2014/5/28,14670.95
2014/5/29,14681.72
2014/5/30,14632.38
2014/6/2,14935.92
2014/6/3,15034.25
2014/6/4,15067.96
2014/6/5,15079.37
2014/6/6,15077.24
2014/6/9,15124
2014/6/10,14994.8
2014/6/11,15069.48
2014/6/12,14973.53
2014/6/13,15097.84
2014/6/16,14933.29
2014/6/17,14975.97
2014/6/18,15115.8
2014/6/19,15361.16
2014/6/20,15349.42
2014/6/23,15369.28
2014/6/24,15376.24
2014/6/25,15266.61
2014/6/26,15308.49
2014/6/27,15095
2014/6/30,15162.1
2014/7/1,15326.2
2014/7/2,15369.97
2014/7/3,15348.29
2014/7/4,15437.13
2014/7/7,15379.44
2014/7/8,15314.41
2014/7/9,15302.65
2014/7/10,15216.47
2014/7/11,15164.04
2014/7/14,15296.82
2014/7/15,15395.16
2014/7/16,15379.3
2014/7/17,15370.26
2014/7/18,15215.71
2014/7/22,15343.28
2014/7/23,15328.56
2014/7/24,15284.42
2014/7/25,15457.87
2014/7/28,15529.4
2014/7/29,15618.07
2014/7/30,15646.23
2014/7/31,15620.77
2014/8/1,15523.11
2014/8/4,15474.5
2014/8/5,15320.31
2014/8/6,15159.79
2014/8/7,15232.37
2014/8/8,14778.37
2014/8/11,15130.52
2014/8/12,15161.31
2014/8/13,15213.63
2014/8/14,15314.57
2014/8/15,15318.34
2014/8/18,15322.6
2014/8/19,15449.79
2014/8/20,15454.45
2014/8/21,15586.2
2014/8/22,15539.19
2014/8/25,15613.25
2014/8/26,15521.22
2014/8/27,15534.82
2014/8/28,15459.86
2014/8/29,15424.59
2014/9/1,15476.6
2014/9/2,15668.6
2014/9/3,15728.35
2014/9/4,15676.18
2014/9/5,15668.68
2014/9/8,15705.11
2014/9/9,15749.15
2014/9/10,15788.78
2014/9/11,15909.2
2014/9/12,15948.29
2014/9/16,15911.53
2014/9/17,15888.67
2014/9/18,16067.57
2014/9/19,16321.17
2014/9/22,16205.9
2014/9/24,16167.45
2014/9/25,16374.14
2014/9/26,16229.86
2014/9/29,16310.64
2014/9/30,16173.52
2014/10/1,16082.25
2014/10/2,15661.99
2014/10/3,15708.65
2014/10/6,15890.95
2014/10/7,15783.83
2014/10/8,15595.98
2014/10/9,15478.93
2014/10/10,15300.55
2014/10/14,14936.51
2014/10/15,15073.52
2014/10/16,14738.38
2014/10/17,14532.51
2014/10/20,15111.23
2014/10/21,14804.28
2014/10/22,15195.77
2014/10/23,15138.96
2014/10/24,15291.64
2014/10/27,15388.72
2014/10/28,15329.91
2014/10/29,15553.91
2014/10/30,15658.2
2014/10/31,16413.76
2014/11/4,16862.47
2014/11/5,16937.32
2014/11/6,16792.48
2014/11/7,16880.38
2014/11/10,16780.53
2014/11/11,17124.11
2014/11/12,17197.05
2014/11/13,17392.79
2014/11/14,17490.83
2014/11/17,16973.8
2014/11/18,17344.06
2014/11/19,17288.75
2014/11/20,17300.86
2014/11/21,17357.51
2014/11/25,17407.62
2014/11/26,17383.58
2014/11/27,17248.5
2014/11/28,17459.85
2014/12/1,17590.1
2014/12/2,17663.22
2014/12/3,17720.43
2014/12/4,17887.21
2014/12/5,17920.45
2014/12/8,17935.64
2014/12/9,17813.38
2014/12/10,17412.58
2014/12/11,17257.4
2014/12/12,17371.58
2014/12/15,17099.4
2014/12/16,16755.32
2014/12/17,16819.73
2014/12/18,17210.05
2014/12/19,17621.4
2014/12/22,17635.14
2014/12/24,17854.23
2014/12/25,17808.75
2014/12/26,17818.96
2014/12/29,17729.84
2014/12/30,17450.77
2015/1/5,17408.71
2015/1/6,16883.19
2015/1/7,16885.33
2015/1/8,17167.1
2015/1/9,17197.73
2015/1/13,17087.71
2015/1/14,16795.96
2015/1/15,17108.7
2015/1/16,16864.16
2015/1/19,17014.29
2015/1/20,17366.3
2015/1/21,17280.48
2015/1/22,17329.02
2015/1/23,17511.75
2015/1/26,17468.52
2015/1/27,17768.3
2015/1/28,17795.73
2015/1/29,17606.22
2015/1/30,17674.39
2015/2/2,17558.04
2015/2/3,17335.85
2015/2/4,17678.74
2015/2/5,17504.62
2015/2/6,17648.5
2015/2/9,17711.93
2015/2/10,17652.68
2015/2/12,17979.72
2015/2/13,17913.36
2015/2/16,18004.77
2015/2/17,17987.09
2015/2/18,18199.17
2015/2/19,18264.79
2015/2/20,18332.3
2015/2/23,18466.92
2015/2/24,18603.48
2015/2/25,18585.2
2015/2/26,18785.79
2015/2/27,18797.94
2015/3/2,18826.88
2015/3/3,18815.16
2015/3/4,18703.6
2015/3/5,18751.84
2015/3/6,18971
2015/3/9,18790.55
2015/3/10,18665.11
2015/3/11,18723.52
2015/3/12,18991.11
2015/3/13,19254.25
2015/3/16,19246.06
2015/3/17,19437
2015/3/18,19544.48
2015/3/19,19476.56
2015/3/20,19560.22
2015/3/23,19754.36
2015/3/24,19713.45
2015/3/25,19746.2
2015/3/26,19471.12
2015/3/27,19285.63
2015/3/30,19411.4
2015/3/31,19206.99
2015/4/1,19034.84
2015/4/2,19312.79
2015/4/3,19435.08
2015/4/6,19397.98
2015/4/7,19640.54
2015/4/8,19789.81
2015/4/9,19937.72
2015/4/10,19907.63
2015/4/13,19905.46
2015/4/14,19908.68
2015/4/15,19869.76
2015/4/16,19885.77
2015/4/17,19652.88
2015/4/20,19634.49
2015/4/21,19909.09
2015/4/22,20133.9
2015/4/23,20187.65
2015/4/24,20020.04
2015/4/27,19983.32
2015/4/28,20058.95
2015/4/30,19520.01
2015/5/1,19531.63
2015/5/7,19291.99
2015/5/8,19379.19
2015/5/11,19620.91
2015/5/12,19624.84
2015/5/13,19764.72
2015/5/14,19570.24
2015/5/15,19732.92
2015/5/18,19890.27
2015/5/19,20026.38
2015/5/20,20196.56
2015/5/21,20202.87
2015/5/22,20264.41
2015/5/25,20413.77
2015/5/26,20437.48
2015/5/27,20472.58
2015/5/28,20551.46
2015/5/29,20563.15
2015/6/1,20569.87
2015/6/2,20543.19
2015/6/3,20473.51
2015/6/4,20488.19
2015/6/5,20460.9
2015/6/8,20457.19
2015/6/9,20096.3
2015/6/10,20046.36
2015/6/11,20382.97
2015/6/12,20407.08
2015/6/15,20387.79
2015/6/16,20257.94
2015/6/17,20219.27
2015/6/18,19990.82
2015/6/19,20174.24
2015/6/22,20428.19
2015/6/23,20809.42
2015/6/24,20868.03
2015/6/25,20771.4
2015/6/26,20706.15
2015/6/29,20109.95
2015/6/30,20235.73
2015/7/1,20329.32
2015/7/2,20522.5
2015/7/3,20539.79
2015/7/6,20112.12
2015/7/7,20376.59
2015/7/8,19737.64
2015/7/9,19855.5
2015/7/10,19779.83
2015/7/13,20089.77
2015/7/14,20385.33
2015/7/15,20463.33
2015/7/16,20600.12
2015/7/17,20650.92
2015/7/21,20841.97
2015/7/22,20593.67
2015/7/23,20683.95
2015/7/24,20544.53
2015/7/27,20350.1
2015/7/28,20328.89
2015/7/29,20302.91
2015/7/30,20522.83
2015/7/31,20585.24
2015/8/3,20548.11
2015/8/4,20520.36
2015/8/5,20614.06
2015/8/6,20664.44
2015/8/7,20724.56
2015/8/10,20808.69
2015/8/11,20720.75
2015/8/12,20392.77
2015/8/13,20595.55
2015/8/14,20519.45
2015/8/17,20620.26
2015/8/18,20554.47
2015/8/19,20222.63
2015/8/20,20033.52
2015/8/21,19435.83
2015/8/24,18540.68
2015/8/25,17806.7
2015/8/26,18376.83
2015/8/27,18574.44
2015/8/28,19136.32
2015/8/31,18890.48
2015/9/1,18165.69
2015/9/2,18095.4
2015/9/3,18182.39
2015/9/4,17792.16
2015/9/7,17860.47
2015/9/8,17427.08
2015/9/9,18770.51
2015/9/10,18299.62
2015/9/11,18264.22
2015/9/14,17965.7
2015/9/15,18026.48
2015/9/16,18171.6
2015/9/17,18432.27
2015/9/18,18070.21
2015/9/24,17571.83
2015/9/25,17880.51
2015/9/28,17645.11
2015/9/29,16930.84
2015/9/30,17388.15
2015/10/1,17722.42
2015/10/2,17725.13
2015/10/5,18005.49
2015/10/6,18186.1
2015/10/7,18322.98
2015/10/8,18141.17
2015/10/9,18438.67
2015/10/13,18234.74
2015/10/14,17891
2015/10/15,18096.9
2015/10/16,18291.8
2015/10/19,18131.23
2015/10/20,18207.15
2015/10/21,18554.28
2015/10/22,18435.87
2015/10/23,18825.3
2015/10/26,18947.12
2015/10/27,18777.04
2015/10/28,18903.02
2015/10/29,18935.71
2015/10/30,19083.1
2015/11/2,18683.24
2015/11/4,18926.91
2015/11/5,19116.41
2015/11/6,19265.6
2015/11/9,19642.74
2015/11/10,19671.26
2015/11/11,19691.39
2015/11/12,19697.77
2015/11/13,19596.91
2015/11/16,19393.69
2015/11/17,19630.63
2015/11/18,19649.18
2015/11/19,19859.81
2015/11/20,19879.81
2015/11/24,19924.89
2015/11/25,19847.58
2015/11/26,19944.41
2015/11/27,19883.94
2015/11/30,19747.47
2015/12/1,20012.4
2015/12/2,19938.13
2015/12/3,19939.9
2015/12/4,19504.48
2015/12/7,19698.15
2015/12/8,19492.6
2015/12/9,19301.07
2015/12/10,19046.55
2015/12/11,19230.48
2015/12/14,18883.42
2015/12/15,18565.9
2015/12/16,19049.91
2015/12/17,19353.56
2015/12/18,18986.8
2015/12/21,18916.02
2015/12/22,18886.7
2015/12/24,18789.69
2015/12/25,18769.06
2015/12/28,18873.35
2015/12/29,18982.23
2015/12/30,19033.71
2016/1/4,18450.98
2016/1/5,18374
2016/1/6,18191.32
2016/1/7,17767.34
2016/1/8,17697.96
2016/1/12,17218.96
2016/1/13,17715.63
2016/1/14,17240.95
2016/1/15,17147.11
2016/1/18,16955.57
2016/1/19,17048.37
2016/1/20,16416.19
2016/1/21,16017.26
2016/1/22,16958.53
2016/1/25,17110.91
2016/1/26,16708.9
2016/1/27,17163.92
2016/1/28,17041.45
2016/1/29,17518.3
2016/2/1,17865.23
2016/2/2,17750.68
2016/2/3,17191.25
2016/2/4,17044.99
2016/2/5,16819.59
2016/2/8,17004.3
2016/2/9,16085.44
2016/2/10,15713.39
2016/2/12,14952.61
2016/2/15,16022.58
2016/2/16,16054.43
2016/2/17,15836.36
2016/2/18,16196.8
2016/2/19,15967.17
2016/2/22,16111.05
2016/2/23,16052.05
2016/2/24,15915.79
2016/2/25,16140.34
2016/2/26,16188.41
2016/2/29,16026.76
2016/3/1,16085.51
2016/3/2,16746.55
2016/3/3,16960.16
2016/3/4,17014.78
2016/3/7,16911.32
2016/3/8,16783.15
2016/3/9,16642.2
2016/3/10,16852.35
2016/3/11,16938.87
2016/3/14,17233.75
2016/3/15,17117.07
2016/3/16,16974.45
2016/3/17,16936.38
2016/3/18,16724.81
2016/3/22,17048.55
2016/3/23,17000.98
2016/3/24,16892.33
2016/3/25,17002.75
2016/3/28,17134.37
2016/3/29,17103.53
2016/3/30,16878.96
2016/3/31,16758.67
2016/4/1,16164.16
2016/4/4,16123.27
2016/4/5,15732.82
2016/4/6,15715.36
2016/4/7,15749.84
2016/4/8,15821.52
2016/4/11,15751.13
2016/4/12,15928.79
2016/4/13,16381.22
2016/4/14,16911.05
2016/4/15,16848.03
2016/4/18,16275.95
2016/4/19,16874.44
2016/4/20,16906.54
2016/4/21,17363.62
2016/4/22,17572.49
2016/4/25,17439.3
2016/4/26,17353.28
2016/4/27,17290.49
2016/4/28,16666.05
2016/5/2,16147.38
2016/5/6,16106.72
2016/5/9,16216.03
2016/5/10,16565.19
2016/5/11,16579.01
2016/5/12,16646.34
2016/5/13,16412.21
2016/5/16,16466.4
2016/5/17,16652.8
2016/5/18,16644.69
2016/5/19,16646.66
2016/5/20,16736.35
2016/5/23,16654.6
2016/5/24,16498.76
2016/5/25,16757.35
2016/5/26,16772.46
2016/5/27,16834.84
2016/5/30,17068.02
2016/5/31,17234.98
2016/6/1,16955.73
2016/6/2,16562.55
2016/6/3,16642.23
2016/6/6,16580.03
2016/6/7,16675.45
2016/6/8,16830.92
2016/6/9,16668.41
2016/6/10,16601.36
2016/6/13,16019.18
2016/6/14,15859
2016/6/15,15919.58
2016/6/16,15434.14
2016/6/17,15599.66
2016/6/20,15965.3
2016/6/21,16169.11
2016/6/22,16065.72
2016/6/23,16238.35
2016/6/24,14952.02
2016/6/27,15309.21
2016/6/28,15323.14
2016/6/29,15566.83
2016/6/30,15575.92
2016/7/1,15682.48
2016/7/4,15775.8
2016/7/5,15669.33
2016/7/6,15378.99
2016/7/7,15276.24
2016/7/8,15106.98
2016/7/11,15708.82
2016/7/12,16095.65
2016/7/13,16231.43
2016/7/14,16385.89
2016/7/15,16497.85
2016/7/19,16723.31
2016/7/20,16681.89
2016/7/21,16810.22
2016/7/22,16627.25
2016/7/25,16620.29
2016/7/26,16383.04
2016/7/27,16664.82
2016/7/28,16476.84
2016/7/29,16569.27
2016/8/1,16635.77
2016/8/2,16391.45
2016/8/3,16083.11
2016/8/4,16254.89
2016/8/5,16254.45
2016/8/8,16650.57
2016/8/9,16764.97
2016/8/10,16735.12
2016/8/12,16919.92
2016/8/15,16869.56
2016/8/16,16596.51
2016/8/17,16745.64
2016/8/18,16486.01
2016/8/19,16545.82
2016/8/22,16598.19
2016/8/23,16497.36
2016/8/24,16597.3
2016/8/25,16555.95
2016/8/26,16360.71
2016/8/29,16737.49
2016/8/30,16725.36
2016/8/31,16887.4
2016/9/1,16926.84
2016/9/2,16925.68
2016/9/5,17037.63
2016/9/6,17081.98
2016/9/7,17012.44
2016/9/8,16958.77
2016/9/9,16965.76
2016/9/12,16672.92
2016/9/13,16729.04
2016/9/14,16614.24
2016/9/15,16405.01
2016/9/16,16519.29
2016/9/20,16492.15
2016/9/21,16807.62
2016/9/23,16754.02
2016/9/26,16544.56
2016/9/27,16683.93
2016/9/28,16465.4
2016/9/29,16693.71
2016/9/30,16449.84
2016/10/3,16598.67
2016/10/4,16735.65
2016/10/5,16819.24
2016/10/6,16899.1
2016/10/7,16860.09
2016/10/11,17024.76
2016/10/12,16840
2016/10/13,16774.24
2016/10/14,16856.37
2016/10/17,16900.12
2016/10/18,16963.61
2016/10/19,16998.91
2016/10/20,17235.5
2016/10/21,17184.59
2016/10/24,17234.42
2016/10/25,17365.25
2016/10/26,17391.84
2016/10/27,17336.42
2016/10/28,17446.41
2016/10/31,17425.02
2016/11/1,17442.4
2016/11/2,17134.68
2016/11/4,16905.36
2016/11/7,17177.21
2016/11/8,17171.38
2016/11/9,16251.54
2016/11/10,17344.42
2016/11/11,17374.79
2016/11/14,17672.62
2016/11/15,17668.15
2016/11/16,17862.21
2016/11/17,17862.63
2016/11/18,17967.41
2016/11/21,18106.02
2016/11/22,18162.94
2016/11/24,18333.41
2016/11/25,18381.22
2016/11/28,18356.89
2016/11/29,18307.04
2016/11/30,18308.48
2016/12/1,18513.12
2016/12/2,18426.08
2016/12/5,18274.99
2016/12/6,18360.54
2016/12/7,18496.69
2016/12/8,18765.47
2016/12/9,18996.37
2016/12/12,19155.03
2016/12/13,19250.52
2016/12/14,19253.61
2016/12/15,19273.79
2016/12/16,19401.15
2016/12/19,19391.6
2016/12/20,19494.53
2016/12/21,19444.49
2016/12/22,19427.67
2016/12/26,19396.64
2016/12/27,19403.06
2016/12/28,19401.72
2016/12/29,19145.14
2016/12/30,19114.37
2017/1/4,19594.16
2017/1/5,19520.69
2017/1/6,19454.33
2017/1/10,19301.44
2017/1/11,19364.67
2017/1/12,19134.7
2017/1/13,19287.28
2017/1/16,19095.24
2017/1/17,18813.53
2017/1/18,18894.37
2017/1/19,19072.25
2017/1/20,19137.91
2017/1/23,18891.03
2017/1/24,18787.99
2017/1/25,19057.5
2017/1/26,19402.39
2017/1/27,19467.4
2017/1/30,19368.85
2017/1/31,19041.34
2017/2/1,19148.08
2017/2/2,18914.58
2017/2/3,18918.2
2017/2/6,18976.71
2017/2/7,18910.78
2017/2/8,19007.6
2017/2/9,18907.67
2017/2/10,19378.93
2017/2/13,19459.15
2017/2/14,19238.98
2017/2/15,19437.98
2017/2/16,19347.53
2017/2/17,19234.62
2017/2/20,19251.08
2017/2/21,19381.44
2017/2/22,19379.87
2017/2/23,19371.46
2017/2/24,19283.54
2017/2/27,19107.47
2017/2/28,19118.99
2017/3/1,19393.54
2017/3/2,19564.8
2017/3/3,19469.17
2017/3/6,19379.14
2017/3/7,19344.15
2017/3/8,19254.03
2017/3/9,19318.58
2017/3/10,19604.61
2017/3/13,19633.75
2017/3/14,19609.5
2017/3/15,19577.38
2017/3/16,19590.14
2017/3/17,19521.59
2017/3/21,19455.88
2017/3/22,19041.38
2017/3/23,19085.31
2017/3/24,19262.53
2017/3/27,18985.59
2017/3/28,19202.87
2017/3/29,19217.48
2017/3/30,19063.22
2017/3/31,18909.26
2017/4/3,18983.23
2017/4/4,18810.25
2017/4/5,18861.27
2017/4/6,18597.06
2017/4/7,18664.63
2017/4/10,18797.88
2017/4/11,18747.87
2017/4/12,18552.61
2017/4/13,18426.84
2017/4/14,18335.63
2017/4/17,18355.26
2017/4/18,18418.59
2017/4/19,18432.2
2017/4/20,18430.49
2017/4/21,18620.75
2017/4/24,18875.88
2017/4/25,19079.33
2017/4/26,19289.43
2017/4/27,19251.87
2017/4/28,19196.74
2017/5/1,19310.52
2017/5/2,19445.7
2017/5/8,19895.7
2017/5/9,19843
2017/5/10,19900.09
2017/5/11,19961.55
2017/5/12,19883.9
2017/5/15,19869.85
2017/5/16,19919.82
2017/5/17,19814.88
2017/5/18,19553.86
2017/5/19,19590.76
2017/5/22,19678.28
2017/5/23,19613.28
2017/5/24,19742.98
2017/5/25,19813.13
2017/5/26,19686.84
2017/5/29,19682.57
2017/5/30,19677.85
2017/5/31,19650.57
2017/6/1,19860.03
2017/6/2,20177.28
2017/6/5,20170.82
2017/6/6,19979.9
2017/6/7,19984.62
2017/6/8,19909.26
2017/6/9,20013.26
2017/6/12,19908.58
2017/6/13,19898.75
2017/6/14,19883.52
2017/6/15,19831.82
2017/6/16,19943.26
2017/6/19,20067.75
2017/6/20,20230.41
2017/6/21,20138.79
2017/6/22,20110.51
2017/6/23,20132.67
2017/6/26,20153.35
2017/6/27,20225.09
2017/6/28,20130.41
2017/6/29,20220.3
2017/6/30,20033.43
2017/7/3,20055.8
2017/7/4,20032.35
2017/7/5,20081.63
2017/7/6,19994.06
2017/7/7,19929.09
2017/7/10,20080.98
2017/7/11,20195.48
2017/7/12,20098.38
2017/7/13,20099.81
2017/7/14,20118.86
2017/7/17,20063.5
2017/7/18,19999.91
2017/7/19,20020.86
2017/7/20,20144.59
2017/7/21,20099.75
2017/7/24,19975.67
2017/7/25,19955.2
2017/7/26,20050.16
2017/7/27,20079.64
2017/7/28,19959.84
2017/7/31,19925.18
2017/8/1,19985.79
2017/8/2,20080.04
2017/8/3,20029.26
2017/8/4,19952.33
2017/8/7,20055.89
2017/8/8,19996.01
2017/8/9,19738.71
2017/8/10,19729.74
2017/8/14,19537.1
2017/8/15,19753.31
2017/8/16,19729.28
2017/8/17,19702.63
2017/8/18,19470.41
2017/8/21,19393.13
2017/8/22,19383.84
2017/8/23,19434.64
2017/8/24,19353.77
2017/8/25,19452.61
2017/8/28,19449.9
2017/8/29,19362.55
2017/8/30,19506.54
2017/8/31,19646.24
2017/9/1,19691.47
2017/9/4,19508.25
2017/9/5,19385.81
2017/9/6,19357.97
2017/9/7,19396.52
2017/9/8,19274.82
2017/9/11,19545.77
2017/9/12,19776.62
2017/9/13,19865.82
2017/9/14,19807.44
2017/9/15,19909.5
2017/9/18,20126
2017/9/19,20299.38
2017/9/20,20310.46
2017/9/21,20347.48
2017/9/22,20296.45
2017/9/25,20397.58
2017/9/26,20330.19
2017/9/27,20267.05
2017/9/28,20363.11
2017/9/29,20356.28
2017/10/2,20400.78
2017/10/3,20614.07
2017/10/4,20626.66
2017/10/5,20628.56
2017/10/6,20690.71
2017/10/10,20823.51
2017/10/11,20881.27
2017/10/12,20954.72
2017/10/13,21155.18
2017/10/16,21255.56
2017/10/17,21336.12
2017/10/18,21363.05
2017/10/19,21448.52
2017/10/20,21457.64
2017/10/23,21696.65
2017/10/24,21805.17
2017/10/25,21707.62
2017/10/26,21739.78
2017/10/27,22008.45
2017/10/30,22011.67
2017/10/31,22011.61
2017/11/1,22420.08
2017/11/2,22539.12
2017/11/6,22548.35
2017/11/7,22937.6
2017/11/8,22913.82
2017/11/9,22868.71
2017/11/10,22681.42
2017/11/13,22380.99
2017/11/14,22380.01
2017/11/15,22028.32
2017/11/16,22351.12
2017/11/17,22396.8
2017/11/20,22261.76
2017/11/21,22416.48
2017/11/22,22523.15
2017/11/24,22550.85
2017/11/27,22495.99
2017/11/28,22486.24
2017/11/29,22597.2
2017/11/30,22724.96
2017/12/1,22819.03
2017/12/4,22707.16
2017/12/5,22622.38
2017/12/6,22177.04
2017/12/7,22498.03
2017/12/8,22811.08
2017/12/11,22938.73
2017/12/12,22866.17
2017/12/13,22758.07
2017/12/14,22694.45
2017/12/15,22553.22
2017/12/18,22901.77
2017/12/19,22868
2017/12/20,22891.72
2017/12/21,22866.1
2017/12/22,22902.76
2017/12/25,22939.18
2017/12/26,22892.69
2017/12/27,22911.21
2017/12/28,22783.98
2017/12/29,22764.94
2018/1/4,23506.33
2018/1/5,23714.53
2018/1/9,23849.99
2018/1/10,23788.2
2018/1/11,23710.43
2018/1/12,23653.82
2018/1/15,23714.88
2018/1/16,23951.81
2018/1/17,23868.34
2018/1/18,23763.37
2018/1/19,23808.06
2018/1/22,23816.33
2018/1/23,24124.15
2018/1/24,23940.78
2018/1/25,23669.49
2018/1/26,23631.88
2018/1/29,23629.34
2018/1/30,23291.97
2018/1/31,23098.29
2018/2/1,23486.11
2018/2/2,23274.53
2018/2/5,22682.08
2018/2/6,21610.24
2018/2/7,21645.37
2018/2/8,21890.86
2018/2/9,21382.62
2018/2/13,21244.68
2018/2/14,21154.17
2018/2/15,21464.98
2018/2/16,21720.25
2018/2/19,22149.21
2018/2/20,21925.1
2018/2/21,21970.81
2018/2/22,21736.44
2018/2/23,21892.78
2018/2/26,22153.63
2018/2/27,22389.86
2018/2/28,22068.24
2018/3/1,21724.47
2018/3/2,21181.64
2018/3/5,21042.09
2018/3/6,21417.76
2018/3/7,21252.72
